"id","total"
"1",100654,2
"2",100663,0
"3",100706,2
"4",100724,10
"5",100751,0
"6",100830,12
"7",100858,0
"8",101480,10
"9",101587,4
"10",101709,0
"11",101879,0
"12",102094,0
"13",102368,8
"14",102553,8
"15",102614,16
"16",102632,16
"17",104151,10
"18",104179,6
"19",105297,16
"20",105330,6
"21",106245,6
"22",106397,0
"23",106412,12
"24",106458,0
"25",106467,0
"26",106485,8
"27",106704,0
"28",107071,6
"29",107983,2
"30",108092,10
"31",109350,14
"32",109819,0
"33",110422,2
"34",110486,8
"35",110495,4
"36",110510,4
"37",110529,2
"38",110538,2
"39",110547,4
"40",110556,4
"41",110565,2
"42",110574,4
"43",110583,2
"44",110592,4
"45",110608,12
"46",110617,4
"47",110635,2
"48",110644,2
"49",110653,4
"50",110662,4
"51",110671,4
"52",110680,2
"53",110705,4
"54",110714,4
"55",111188,2
"56",113236,2
"57",114433,10
"58",114716,16
"59",115755,4
"60",118912,6
"61",118976,6
"62",121619,6
"63",121886,14
"64",122375,6
"65",122409,2
"66",122597,4
"67",122755,4
"68",122977,2
"69",123299,18
"70",123509,0
"71",123563,14
"72",123572,2
"73",125471,14
"74",126182,16
"75",126289,24
"76",126562,8
"77",126580,8
"78",126614,6
"79",126711,18
"80",126775,6
"81",126818,6
"82",126942,24
"83",127185,10
"84",127556,14
"85",127565,8
"86",127741,10
"87",127820,24
"88",127884,16
"89",127909,24
"90",128106,14
"91",128391,10
"92",128771,0
"93",129020,0
"94",129215,2
"95",130493,0
"96",130776,4
"97",130907,4
"98",130934,12
"99",130943,6
"100",131399,10
"101",132693,8
"102",132903,0
"103",133650,8
"104",133669,12
"105",133951,6
"106",133960,18
"107",134097,0
"108",134130,2
"109",136145,4
"110",136172,2
"111",136400,6
"112",137351,10
"113",137759,18
"114",138354,14
"115",138558,8
"116",138716,2
"117",138789,6
"118",138901,18
"119",139010,12
"120",139250,4
"121",139311,6
"122",139366,6
"123",139463,4
"124",139621,18
"125",139700,6
"126",139719,12
"127",139755,0
"128",139764,2
"129",139861,0
"130",139931,0
"131",139940,0
"132",139959,0
"133",139968,8
"134",140960,8
"135",141264,6
"136",141334,0
"137",141565,6
"138",141574,0
"139",141981,2
"140",142115,10
"141",142276,8
"142",142285,0
"143",142328,16
"144",144005,24
"145",144892,20
"146",145336,10
"147",145600,6
"148",145637,6
"149",145813,6
"150",147703,12
"151",147776,14
"152",148654,16
"153",149222,14
"154",149231,20
"155",149772,12
"156",150136,0
"157",151102,18
"158",151111,10
"159",151306,12
"160",151324,10
"161",151333,12
"162",151342,12
"163",151351,4
"164",151360,16
"165",151379,14
"166",151388,8
"167",152637,8
"168",153603,2
"169",153658,2
"170",154095,0
"171",155025,0
"172",155061,0
"173",155317,0
"174",155399,2
"175",155681,4
"176",156082,8
"177",156125,0
"178",156620,4
"179",157058,16
"180",157085,2
"181",157289,6
"182",157386,2
"183",157401,4
"184",157447,2
"185",157951,6
"186",159009,8
"187",159382,8
"188",159391,6
"189",159416,12
"190",159647,6
"191",159717,6
"192",159939,12
"193",159966,6
"194",159993,8
"195",160038,8
"196",160612,8
"197",160621,6
"198",160630,24
"199",160658,6
"200",160940,16
"201",161217,8
"202",161226,2
"203",161235,14
"204",161244,8
"205",161253,0
"206",161299,6
"207",161341,10
"208",161554,10
"209",161873,8
"210",162007,2
"211",162283,8
"212",162584,0
"213",163204,10
"214",163268,0
"215",163286,0
"216",163338,10
"217",163453,2
"218",163851,0
"219",163912,8
"220",164076,0
"221",165024,0
"222",165820,0
"223",165866,6
"224",166513,0
"225",166629,0
"226",166638,2
"227",166674,0
"228",166692,10
"229",167288,2
"230",167729,0
"231",167987,4
"232",168263,2
"233",168430,0
"234",168607,8
"235",169248,10
"236",169798,4
"237",169910,10
"238",170082,2
"239",170240,12
"240",170444,8
"241",170620,8
"242",170639,8
"243",170976,2
"244",171100,2
"245",171128,2
"246",171137,0
"247",171146,0
"248",171456,4
"249",171483,12
"250",171571,12
"251",172051,6
"252",172200,4
"253",172644,4
"254",172699,6
"255",173124,4
"256",173920,0
"257",174020,2
"258",174066,4
"259",174075,8
"260",174233,4
"261",174251,18
"262",174358,8
"263",174783,6
"264",175078,6
"265",175272,6
"266",175342,2
"267",175616,8
"268",175856,2
"269",176017,0
"270",176035,2
"271",176044,6
"272",176080,0
"273",176372,0
"274",176965,2
"275",177551,12
"276",177940,8
"277",178341,4
"278",178387,10
"279",178396,10
"280",178402,10
"281",178411,10
"282",178420,10
"283",178615,4
"284",178624,6
"285",179557,2
"286",179566,0
"287",180179,8
"288",180416,8
"289",180461,0
"290",180489,8
"291",180522,12
"292",180692,4
"293",180948,0
"294",181215,4
"295",181242,20
"296",181394,0
"297",181400,16
"298",181464,0
"299",181534,2
"300",181783,0
"301",182281,2
"302",182290,2
"303",182306,8
"304",182500,14
"305",183044,4
"306",183062,8
"307",183071,16
"308",183080,2
"309",183257,10
"310",184782,2
"311",185129,2
"312",185262,4
"313",185590,0
"314",185828,0
"315",186201,0
"316",186371,8
"317",186380,6
"318",186399,12
"319",186876,10
"320",187134,2
"321",187444,0
"322",187596,16
"323",187648,6
"324",187745,2
"325",187897,10
"326",187967,4
"327",187985,2
"328",188030,12
"329",188058,10
"330",188304,8
"331",190512,10
"332",190549,10
"333",190558,2
"334",190567,10
"335",190594,10
"336",190600,0
"337",190637,8
"338",190646,6
"339",190655,2
"340",190664,8
"341",190691,4
"342",191126,6
"343",196006,0
"344",196015,6
"345",196024,0
"346",196033,6
"347",196042,0
"348",196051,8
"349",196060,0
"350",196079,0
"351",196088,0
"352",196097,0
"353",196103,2
"354",196112,2
"355",196121,0
"356",196130,0
"357",196149,0
"358",196158,2
"359",196167,0
"360",196176,0
"361",196185,0
"362",196194,0
"363",196200,2
"364",196219,0
"365",196237,2
"366",196246,0
"367",196264,6
"368",196291,0
"369",197027,2
"370",197869,0
"371",198464,0
"372",198507,8
"373",198543,0
"374",199102,0
"375",199111,0
"376",199120,8
"377",199139,2
"378",199148,0
"379",199157,2
"380",199184,0
"381",199193,0
"382",199218,0
"383",199281,0
"384",199999,0
"385",200004,0
"386",200059,8
"387",200086,8
"388",200226,6
"389",200253,16
"390",200280,4
"391",200332,0
"392",200572,4
"393",200800,6
"394",201441,8
"395",201690,10
"396",201885,2
"397",202134,6
"398",203447,18
"399",203456,18
"400",203465,18
"401",203474,18
"402",203483,18
"403",203492,18
"404",203517,6
"405",203526,12
"406",203748,10
"407",204006,18
"408",204015,24
"409",204024,10
"410",204671,20
"411",204680,8
"412",204699,10
"413",204705,10
"414",204796,10
"415",204802,24
"416",204820,16
"417",204839,22
"418",204848,16
"419",204857,2
"420",204866,20
"421",205443,18
"422",206084,10
"423",206604,22
"424",206613,10
"425",206695,18
"426",206914,14
"427",206941,8
"428",207041,16
"429",207209,10
"430",207263,10
"431",207306,14
"432",207351,14
"433",207388,6
"434",207397,8
"435",207500,6
"436",207564,10
"437",207661,14
"438",207722,8
"439",207847,20
"440",207865,6
"441",208646,10
"442",209506,0
"443",209542,0
"444",209551,4
"445",209807,2
"446",210146,14
"447",210429,8
"448",211158,0
"449",211361,10
"450",211608,10
"451",211644,8
"452",212115,4
"453",212160,8
"454",213020,10
"455",213349,10
"456",213598,6
"457",213613,6
"458",213783,8
"459",214041,2
"460",214591,6
"461",214625,14
"462",214634,16
"463",214643,12
"464",214652,14
"465",214670,10
"466",214689,14
"467",214698,16
"468",214704,14
"469",214713,8
"470",214731,8
"471",214740,12
"472",214759,12
"473",214768,14
"474",214777,6
"475",214786,20
"476",214795,12
"477",214801,8
"478",214810,22
"479",214829,8
"480",215266,8
"481",215275,8
"482",215284,6
"483",215293,6
"484",216010,6
"485",216038,2
"486",216339,6
"487",216764,2
"488",217420,0
"489",217484,0
"490",217819,4
"491",217864,0
"492",217882,2
"493",218061,10
"494",218229,2
"495",218645,0
"496",218654,2
"497",218663,0
"498",218724,4
"499",218733,8
"500",218742,0
"501",218964,2
"502",219046,8
"503",219082,0
"504",219259,6
"505",219277,24
"506",219347,0
"507",219356,0
"508",219471,0
"509",219602,2
"510",220075,12
"511",220862,8
"512",220978,8
"513",221740,4
"514",221759,6
"515",221768,10
"516",221838,6
"517",221847,8
"518",222831,10
"519",222992,16
"520",223506,10
"521",224147,4
"522",224545,4
"523",224554,2
"524",225414,16
"525",225432,22
"526",225502,4
"527",225511,2
"528",226091,14
"529",226152,4
"530",226833,0
"531",227216,0
"532",227368,10
"533",227526,4
"534",227881,0
"535",228431,10
"536",228459,0
"537",228501,6
"538",228529,12
"539",228705,4
"540",228723,2
"541",228769,0
"542",228778,8
"543",228787,2
"544",228796,0
"545",228802,2
"546",229018,2
"547",229027,2
"548",229063,2
"549",229115,0
"550",229179,2
"551",229355,2
"552",229814,0
"553",230171,12
"554",230597,2
"555",230603,0
"556",230728,0
"557",230737,14
"558",230764,0
"559",230782,2
"560",230834,4
"561",230913,2
"562",230931,10
"563",231165,8
"564",231174,0
"565",231624,2
"566",231712,0
"567",232186,0
"568",232423,0
"569",232566,2
"570",232681,0
"571",232937,2
"572",232982,2
"573",233277,4
"574",233897,16
"575",233921,2
"576",234030,0
"577",234076,0
"578",234085,2
"579",234155,6
"580",234696,12
"581",234827,2
"582",234933,12
"583",234951,6
"584",235097,2
"585",235103,8
"586",235167,4
"587",235237,16
"588",235334,6
"589",235343,4
"590",235431,16
"591",236072,20
"592",236382,16
"593",236638,8
"594",236692,8
"595",236708,8
"596",236753,10
"597",236887,10
"598",236939,2
"599",236948,2
"600",236975,10
"601",237011,2
"602",237039,8
"603",237109,12
"604",237215,22
"605",237330,24
"606",237367,10
"607",237385,6
"608",237525,6
"609",237686,12
"610",237701,16
"611",237792,24
"612",237899,4
"613",237932,10
"614",237950,10
"615",238032,4
"616",240055,14
"617",240189,6
"618",240268,6
"619",240277,6
"620",240329,6
"621",240365,8
"622",240374,24
"623",240417,6
"624",240426,6
"625",240444,12
"626",240453,0
"627",240462,4
"628",240471,6
"629",240480,6
"630",240727,0
"631",240736,16
"632",240754,16
"633",240790,4
"634",241720,24
"635",241766,10
"636",241951,10
"637",243106,0
"638",243115,4
"639",243133,4
"640",243142,0
"641",243151,8
"642",243179,6
"643",243188,6
"644",243197,8
"645",243212,8
"646",243221,4
"647",243665,12
"648",243780,10
"649",260901,16
"650",262129,8
"651",366252,14
"652",366340,12
"653",366711,4
"654",367024,18
"655",376695,14
"656",377555,10
"657",377564,14
"658",380359,20
"659",380377,18
"660",409315,12
"661",409698,4
"662",433660,0
"663",434584,24
"664",436818,16
"665",436827,12
"666",436836,6
"667",439190,8
"668",440828,18
"669",441900,6
"670",441937,2
"671",445188,0
"672",447689,2
"673",448840,12
"674",451671,16
"675",456959,12
"676",100690,5
"677",100937,0
"678",101073,5
"679",101189,4
"680",101435,2
"681",101453,7
"682",101541,5
"683",101675,2
"684",101693,0
"685",101912,2
"686",102049,1
"687",102234,1
"688",102270,10
"689",102298,7
"690",102377,3
"691",102580,6
"692",102669,6
"693",105589,8
"694",105899,4
"695",106342,2
"696",106713,5
"697",106810,5
"698",107044,0
"699",107080,3
"700",107141,1
"701",107512,1
"702",107558,1
"703",107600,4
"704",107877,1
"705",109651,1
"706",109785,1
"707",110097,0
"708",110361,1
"709",110370,3
"710",110404,1
"711",110413,1
"712",110918,6
"713",111081,0
"714",111948,0
"715",111966,3
"716",112075,1
"717",112084,5
"718",112260,1
"719",113698,0
"720",114813,3
"721",115409,2
"722",115728,2
"723",115773,9
"724",116846,10
"725",117104,3
"726",117140,0
"727",117168,1
"728",117575,6
"729",117627,7
"730",117751,2
"731",117946,1
"732",118541,6
"733",118693,1
"734",118888,7
"735",119173,0
"736",119605,5
"737",120184,1
"738",120254,0
"739",120403,2
"740",120537,4
"741",120865,7
"742",120883,0
"743",121150,1
"744",121257,0
"745",121309,1
"746",121345,4
"747",121691,1
"748",122436,1
"749",122454,5
"750",122506,2
"751",122612,1
"752",122728,1
"753",122931,1
"754",123165,0
"755",123457,4
"756",123554,1
"757",123651,5
"758",123961,1
"759",124292,1
"760",125727,1
"761",125897,0
"762",126669,3
"763",126678,2
"764",127060,0
"765",127653,4
"766",127714,7
"767",127918,1
"768",128498,1
"769",128744,4
"770",128902,0
"771",129154,9
"772",129242,0
"773",129525,0
"774",129774,8
"775",129941,0
"776",130226,0
"777",130253,0
"778",130314,1
"779",130448,3
"780",130590,0
"781",130697,1
"782",130794,2
"783",130989,5
"784",131098,10
"785",131113,2
"786",131159,0
"787",131283,2
"788",131450,1
"789",131469,1
"790",131496,1
"791",131520,2
"792",131876,5
"793",132408,4
"794",132471,3
"795",132602,5
"796",132657,2
"797",132879,10
"798",133492,0
"799",133526,6
"800",133553,6
"801",133711,1
"802",133809,0
"803",133872,1
"804",133881,1
"805",133979,5
"806",134079,1
"807",134510,0
"808",134945,1
"809",135364,10
"810",135610,5
"811",135726,0
"812",136215,1
"813",136330,1
"814",136774,2
"815",136950,1
"816",137032,0
"817",137476,2
"818",137546,0
"819",137564,0
"820",137847,1
"821",137962,4
"822",138275,2
"823",138293,1
"824",138600,1
"825",138761,6
"826",138868,8
"827",138947,1
"828",139144,0
"829",139199,1
"830",139205,4
"831",139393,1
"832",139630,5
"833",139658,5
"834",140234,3
"835",140447,1
"836",140553,0
"837",140696,1
"838",140720,6
"839",140818,2
"840",140872,4
"841",140951,0
"842",140988,5
"843",141060,0
"844",141167,5
"845",141185,2
"846",141237,4
"847",141325,1
"848",141361,5
"849",141486,3
"850",141644,2
"851",142090,7
"852",142294,1
"853",142461,1
"854",142522,6
"855",143084,0
"856",143118,2
"857",143288,2
"858",143358,0
"859",144050,0
"860",144281,4
"861",144351,2
"862",144740,0
"863",144962,3
"864",144971,2
"865",145372,3
"866",145619,5
"867",145646,2
"868",145691,1
"869",145725,2
"870",146339,2
"871",146427,0
"872",146481,1
"873",146667,3
"874",146676,10
"875",146719,0
"876",146825,4
"877",147013,0
"878",147244,0
"879",147341,3
"880",147369,3
"881",147536,4
"882",147660,1
"883",147679,2
"884",147767,3
"885",147828,0
"886",148016,8
"887",148131,0
"888",148335,7
"889",148405,3
"890",148487,8
"891",148496,0
"892",148584,0
"893",148627,5
"894",148876,8
"895",149505,4
"896",149514,1
"897",149781,0
"898",150066,4
"899",150145,1
"900",150163,1
"901",150172,2
"902",150400,0
"903",150455,0
"904",150534,3
"905",150604,0
"906",150668,4
"907",150677,2
"908",150756,1
"909",150774,3
"910",150941,1
"911",151263,0
"912",151290,5
"913",151777,3
"914",151786,1
"915",151801,8
"916",152080,0
"917",152099,4
"918",152318,1
"919",152336,4
"920",152381,6
"921",152390,2
"922",152530,0
"923",152567,3
"924",152600,0
"925",152673,5
"926",152992,4
"927",153001,0
"928",153108,3
"929",153126,1
"930",153144,1
"931",153162,4
"932",153241,4
"933",153250,0
"934",153269,0
"935",153278,1
"936",153302,8
"937",153320,5
"938",153366,2
"939",153375,1
"940",153384,0
"941",153621,2
"942",153825,6
"943",153834,2
"944",153861,5
"945",153977,4
"946",154004,1
"947",154013,3
"948",154101,3
"949",154235,4
"950",154350,1
"951",154493,2
"952",154527,1
"953",154590,2
"954",154688,2
"955",154712,1
"956",154721,4
"957",154749,2
"958",154855,9
"959",155007,8
"960",155070,2
"961",155089,5
"962",155177,6
"963",155335,6
"964",155414,2
"965",155496,3
"966",155511,1
"967",155520,1
"968",155627,3
"969",155812,4
"970",155900,2
"971",155937,2
"972",155973,1
"973",156189,1
"974",156213,1
"975",156286,0
"976",156295,7
"977",156356,3
"978",156365,2
"979",156408,0
"980",156417,4
"981",156541,3
"982",156745,2
"983",157030,2
"984",157076,1
"985",157100,5
"986",157216,4
"987",157377,2
"988",157535,7
"989",157748,2
"990",157757,1
"991",157809,4
"992",157818,2
"993",157863,2
"994",158477,3
"995",158802,1
"996",159568,5
"997",159656,6
"998",159948,3
"999",160065,5
"1000",160074,2
"1001",160755,0
"1002",160904,5
"1003",160959,0
"1004",160977,1
"1005",161004,1
"1006",161022,6
"1007",161086,1
"1008",161457,1
"1009",161509,0
"1010",161518,6
"1011",161563,1
"1012",161572,0
"1013",162061,3
"1014",162210,7
"1015",162654,1
"1016",162760,4
"1017",162928,1
"1018",163046,0
"1019",163295,3
"1020",163462,1
"1021",163578,3
"1022",163976,3
"1023",164173,3
"1024",164216,1
"1025",164270,1
"1026",164447,2
"1027",164465,2
"1028",164492,1
"1029",164562,1
"1030",164580,1
"1031",164632,5
"1032",164720,1
"1033",164739,0
"1034",164748,1
"1035",164872,3
"1036",164924,1
"1037",164988,4
"1038",165015,1
"1039",165167,7
"1040",165334,0
"1041",165529,0
"1042",165574,5
"1043",165644,6
"1044",165662,1
"1045",165671,1
"1046",165699,0
"1047",165936,0
"1048",166018,2
"1049",166027,2
"1050",166054,6
"1051",166124,0
"1052",166391,1
"1053",166452,4
"1054",166489,2
"1055",166656,0
"1056",166683,3
"1057",166850,1
"1058",166911,4
"1059",166939,0
"1060",167057,1
"1061",167251,11
"1062",167260,4
"1063",167358,5
"1064",167394,5
"1065",167455,3
"1066",167598,2
"1067",167783,6
"1068",167792,3
"1069",167835,0
"1070",167899,1
"1071",167996,1
"1072",168005,1
"1073",168148,2
"1074",168218,1
"1075",168227,2
"1076",168254,0
"1077",168281,0
"1078",168290,4
"1079",168342,0
"1080",168421,1
"1081",168528,2
"1082",168546,6
"1083",168591,0
"1084",168740,3
"1085",168786,4
"1086",168847,3
"1087",169080,1
"1088",169327,6
"1089",169363,3
"1090",169442,1
"1091",169479,3
"1092",169983,1
"1093",170037,4
"1094",170091,10
"1095",170301,2
"1096",170532,2
"1097",170675,0
"1098",170806,1
"1099",170842,6
"1100",170967,2
"1101",171492,3
"1102",171599,1
"1103",171881,8
"1104",172033,2
"1105",172264,1
"1106",172334,3
"1107",172440,3
"1108",173045,1
"1109",173142,4
"1110",173160,2
"1111",173258,1
"1112",173300,3
"1113",173328,4
"1114",173452,0
"1115",173647,2
"1116",173665,1
"1117",173902,1
"1118",174127,4
"1119",174437,5
"1120",174491,1
"1121",174507,3
"1122",174525,3
"1123",174747,0
"1124",174792,2
"1125",174817,3
"1126",174844,1
"1127",174862,1
"1128",174899,3
"1129",174914,0
"1130",175005,6
"1131",175227,7
"1132",175421,9
"1133",175430,2
"1134",175980,0
"1135",176053,1
"1136",176318,1
"1137",176406,3
"1138",176479,2
"1139",176628,1
"1140",176664,4
"1141",176910,7
"1142",176947,2
"1143",177038,9
"1144",177065,5
"1145",177083,4
"1146",177117,4
"1147",177144,2
"1148",177214,7
"1149",177339,6
"1150",177418,0
"1151",177542,2
"1152",177746,5
"1153",177816,5
"1154",177968,6
"1155",178059,1
"1156",178208,4
"1157",178244,4
"1158",178369,1
"1159",178679,4
"1160",178697,1
"1161",178721,2
"1162",178891,10
"1163",179043,1
"1164",179159,5
"1165",179265,7
"1166",179326,1
"1167",179548,6
"1168",179867,5
"1169",179894,1
"1170",179946,5
"1171",179955,7
"1172",179964,0
"1173",180106,1
"1174",180258,10
"1175",180595,1
"1176",180647,7
"1177",180814,6
"1178",180832,1
"1179",180984,0
"1180",181002,0
"1181",181020,0
"1182",181127,2
"1183",181297,2
"1184",181330,2
"1185",181376,5
"1186",181446,1
"1187",181604,5
"1188",181738,0
"1189",181853,5
"1190",182458,4
"1191",182634,4
"1192",182670,1
"1193",182795,2
"1194",182980,1
"1195",183026,4
"1196",183211,1
"1197",183239,0
"1198",183275,6
"1199",183822,0
"1200",183910,1
"1201",184348,8
"1202",184603,7
"1203",184612,6
"1204",184773,2
"1205",185572,0
"1206",186131,5
"1207",186283,1
"1208",186432,6
"1209",186584,1
"1210",186618,2
"1211",186867,1
"1212",188182,3
"1213",188340,1
"1214",188429,1
"1215",188526,3
"1216",188641,8
"1217",189088,3
"1218",189097,1
"1219",189282,6
"1220",189413,10
"1221",189848,10
"1222",190044,1
"1223",190099,0
"1224",190114,6
"1225",190150,1
"1226",190248,7
"1227",190372,1
"1228",190415,1
"1229",190503,3
"1230",190716,0
"1231",190725,1
"1232",190761,8
"1233",190983,4
"1234",191241,0
"1235",191515,0
"1236",191533,3
"1237",191621,3
"1238",191630,2
"1239",191649,0
"1240",191676,1
"1241",191931,0
"1242",191968,0
"1243",192040,3
"1244",192110,0
"1245",192192,0
"1246",192323,1
"1247",192703,0
"1248",192712,0
"1249",192749,4
"1250",192819,1
"1251",192864,0
"1252",192925,7
"1253",193016,5
"1254",193052,9
"1255",193292,1
"1256",193353,5
"1257",193399,3
"1258",193584,0
"1259",193645,8
"1260",193654,1
"1261",193900,2
"1262",193973,1
"1263",194091,1
"1264",194116,1
"1265",194161,4
"1266",194310,0
"1267",194392,4
"1268",194569,4
"1269",194578,0
"1270",194763,5
"1271",194824,1
"1272",194958,1
"1273",195003,0
"1274",195030,1
"1275",195128,3
"1276",195164,0
"1277",195173,1
"1278",195216,0
"1279",195234,4
"1280",195243,7
"1281",195304,1
"1282",195474,1
"1283",195526,1
"1284",195544,5
"1285",195720,0
"1286",195809,4
"1287",196413,1
"1288",196592,3
"1289",196866,0
"1290",197045,5
"1291",197133,1
"1292",197142,6
"1293",197197,1
"1294",197221,0
"1295",197230,5
"1296",197708,4
"1297",197735,4
"1298",197911,2
"1299",197984,3
"1300",197993,2
"1301",198066,3
"1302",198136,2
"1303",198215,2
"1304",198303,7
"1305",198385,1
"1306",198419,5
"1307",198516,0
"1308",198561,4
"1309",198598,3
"1310",198613,0
"1311",198677,7
"1312",198695,1
"1313",198747,3
"1314",198756,2
"1315",198808,3
"1316",198835,6
"1317",198862,2
"1318",198899,9
"1319",198950,0
"1320",198969,3
"1321",199032,2
"1322",199069,6
"1323",199209,8
"1324",199272,4
"1325",199306,3
"1326",199412,3
"1327",199458,7
"1328",199582,6
"1329",199607,3
"1330",199643,3
"1331",199698,5
"1332",199847,6
"1333",199865,4
"1334",199962,1
"1335",199971,10
"1336",200156,3
"1337",200217,1
"1338",200484,3
"1339",200527,5
"1340",200554,6
"1341",200873,5
"1342",201061,6
"1343",201104,5
"1344",201195,0
"1345",201371,3
"1346",201548,2
"1347",201645,1
"1348",201654,0
"1349",201858,2
"1350",201964,7
"1351",202046,2
"1352",202073,1
"1353",202170,2
"1354",202480,1
"1355",202514,4
"1356",202523,0
"1357",202763,0
"1358",202806,5
"1359",203085,2
"1360",203128,4
"1361",203368,0
"1362",203535,1
"1363",203580,2
"1364",203757,3
"1365",203775,2
"1366",203845,4
"1367",203960,3
"1368",204185,1
"1369",204194,3
"1370",204200,1
"1371",204264,1
"1372",204468,6
"1373",204501,1
"1374",204617,4
"1375",204635,4
"1376",204909,2
"1377",204936,3
"1378",205027,1
"1379",205124,3
"1380",205203,2
"1381",205957,0
"1382",206048,10
"1383",206279,8
"1384",206349,2
"1385",206437,1
"1386",206491,7
"1387",206507,0
"1388",206525,5
"1389",206589,1
"1390",206622,0
"1391",206817,5
"1392",206835,1
"1393",206862,6
"1394",207157,3
"1395",207324,0
"1396",207403,1
"1397",207458,0
"1398",207582,2
"1399",207856,12
"1400",207971,0
"1401",208488,4
"1402",208725,6
"1403",208822,1
"1404",209056,3
"1405",209065,2
"1406",209108,4
"1407",209287,4
"1408",209409,4
"1409",209533,7
"1410",209603,3
"1411",209612,1
"1412",209825,0
"1413",209922,2
"1414",210304,6
"1415",210331,3
"1416",210401,4
"1417",210571,3
"1418",210669,2
"1419",210739,1
"1420",210775,3
"1421",211024,4
"1422",211088,2
"1423",211273,1
"1424",211352,5
"1425",211431,0
"1426",211440,4
"1427",211468,1
"1428",211556,2
"1429",211583,3
"1430",211893,4
"1431",211981,0
"1432",212009,0
"1433",212054,0
"1434",212106,0
"1435",212133,4
"1436",212197,3
"1437",212577,2
"1438",212601,0
"1439",212656,0
"1440",212674,1
"1441",212805,1
"1442",212832,1
"1443",212911,2
"1444",212984,1
"1445",213011,4
"1446",213251,1
"1447",213303,2
"1448",213321,1
"1449",213358,1
"1450",213367,0
"1451",213385,1
"1452",213400,3
"1453",213507,1
"1454",213543,0
"1455",213668,9
"1456",213774,9
"1457",213826,3
"1458",213987,9
"1459",213996,1
"1460",214069,0
"1461",214148,2
"1462",214157,1
"1463",214166,4
"1464",214175,1
"1465",214272,8
"1466",214883,9
"1467",214971,1
"1468",215053,2
"1469",215062,0
"1470",215099,5
"1471",215105,0
"1472",215114,1
"1473",215132,4
"1474",215442,2
"1475",215655,0
"1476",215691,6
"1477",215743,1
"1478",215770,1
"1479",215798,0
"1480",215929,0
"1481",215947,0
"1482",216047,2
"1483",216278,0
"1484",216287,4
"1485",216357,5
"1486",216524,1
"1487",216542,6
"1488",216597,0
"1489",216667,1
"1490",216694,1
"1491",216807,1
"1492",216852,0
"1493",216931,1
"1494",217013,4
"1495",217059,3
"1496",217156,2
"1497",217165,0
"1498",217235,3
"1499",217402,0
"1500",217493,2
"1501",217518,1
"1502",217536,1
"1503",217606,2
"1504",217633,1
"1505",217688,0
"1506",217721,6
"1507",217776,3
"1508",217873,0
"1509",217891,1
"1510",217907,1
"1511",217925,2
"1512",217934,4
"1513",217961,1
"1514",217998,3
"1515",218070,0
"1516",218238,1
"1517",218399,4
"1518",218414,3
"1519",218441,0
"1520",218539,3
"1521",218919,1
"1522",218973,1
"1523",219000,1
"1524",219091,1
"1525",219198,2
"1526",219295,3
"1527",219374,8
"1528",219383,0
"1529",219505,8
"1530",219639,5
"1531",219709,1
"1532",219718,12
"1533",219790,5
"1534",219806,1
"1535",219833,1
"1536",219949,1
"1537",219976,1
"1538",220181,2
"1539",220206,2
"1540",220215,7
"1541",220312,9
"1542",220473,2
"1543",220516,2
"1544",220598,6
"1545",220604,7
"1546",220613,0
"1547",220631,3
"1548",220701,5
"1549",220710,1
"1550",220808,5
"1551",221351,1
"1552",221519,0
"1553",221661,3
"1554",221731,2
"1555",221892,0
"1556",221953,4
"1557",221971,4
"1558",221999,1
"1559",222178,1
"1560",222983,1
"1561",223232,1
"1562",224004,2
"1563",224226,1
"1564",224244,2
"1565",224323,5
"1566",224527,2
"1567",225247,3
"1568",225399,1
"1569",225548,1
"1570",225575,6
"1571",225627,4
"1572",225885,8
"1573",226231,1
"1574",226383,2
"1575",226471,1
"1576",226587,4
"1577",227331,3
"1578",227429,7
"1579",227757,1
"1580",227845,0
"1581",227863,3
"1582",228042,2
"1583",228149,1
"1584",228246,0
"1585",228325,0
"1586",228343,0
"1587",228468,2
"1588",228875,1
"1589",228884,3
"1590",228981,0
"1591",229160,2
"1592",229267,1
"1593",229780,5
"1594",229887,6
"1595",230038,2
"1596",230047,3
"1597",230807,2
"1598",230816,2
"1599",230852,0
"1600",230889,4
"1601",230940,10
"1602",230959,6
"1603",230995,0
"1604",231059,3
"1605",231086,5
"1606",231095,2
"1607",231420,3
"1608",231554,1
"1609",231581,1
"1610",231651,8
"1611",231837,2
"1612",232025,3
"1613",232043,2
"1614",232089,6
"1615",232256,1
"1616",232265,1
"1617",232308,6
"1618",232557,2
"1619",232609,2
"1620",232672,7
"1621",232706,0
"1622",233295,0
"1623",233301,2
"1624",233374,0
"1625",233426,0
"1626",233541,1
"1627",233611,3
"1628",233718,6
"1629",234137,6
"1630",234164,4
"1631",234173,5
"1632",234207,1
"1633",235024,4
"1634",235316,0
"1635",235422,8
"1636",236133,3
"1637",236230,1
"1638",236328,0
"1639",236452,3
"1640",236577,1
"1641",236595,1
"1642",236896,3
"1643",237057,0
"1644",237066,0
"1645",237118,4
"1646",237136,5
"1647",237181,7
"1648",237312,5
"1649",237358,3
"1650",237640,6
"1651",237969,1
"1652",238078,4
"1653",238193,0
"1654",238324,5
"1655",238333,1
"1656",238430,7
"1657",238458,2
"1658",238476,0
"1659",238616,1
"1660",238661,2
"1661",238980,1
"1662",239017,0
"1663",239071,4
"1664",239080,3
"1665",239105,0
"1666",239309,2
"1667",239318,4
"1668",239390,0
"1669",239512,1
"1670",239628,1
"1671",239716,0
"1672",239743,2
"1673",240107,3
"1674",240338,1
"1675",241191,5
"1676",241225,7
"1677",241331,4
"1678",241377,7
"1679",241386,11
"1680",241410,3
"1681",241739,7
"1682",242121,9
"1683",243346,7
"1684",243443,5
"1685",243568,2
"1686",243577,3
"1687",243601,5
"1688",243744,5
"1689",243823,8
"1690",245953,9
"1691",247649,5
"1692",262086,8
"1693",363907,6
"1694",363916,7
"1695",367884,7
"1696",388520,8
"1697",392840,4
"1698",399911,5
"1699",413617,8
"1700",417752,3
"1701",430810,5
"1702",439701,6
"1703",441982,1
"1704",442356,1
"1705",444398,7
"1706",446048,1
"1707",449870,2
"1708",454184,5
"1709",455770,3
"1710",458113,5
"1711",461032,6
