"","id","enrollment_data_score","retention_data_score","price_data_score","appropriation_data_score","enrollment_trend","price_trend","retention_trend","appropriations_trend","total"
"1",100654,0,1,0,0,0,0,2,0,2
"2",100663,0,0,0,0,0,0,0,0,0
"3",100706,0,0,1,0,0,0,0,0,0
"4",100724,0,1,0,1,2,0,1,1,4
"5",100751,0,0,0,0,0,0,0,0,0
"6",100830,1,1,1,0,2,0,0,1,3
"7",100858,0,0,0,0,0,0,0,0,0
"8",101480,1,0,0,0,2,0,0,0,2
"9",101587,0,1,1,0,0,0,0,0,0
"10",101709,0,0,0,0,0,0,0,0,0
"11",101879,0,0,0,0,0,0,0,0,0
"12",102094,0,0,0,0,0,0,0,0,0
"13",102368,1,0,1,0,2,0,0,0,2
"14",102553,1,0,1,0,2,0,0,0,2
"15",102614,1,0,1,0,2,2,0,0,4
"16",102632,1,1,1,0,2,0,0,1,3
"17",104151,1,0,0,1,1,0,0,2,3
"18",104179,0,0,0,1,0,0,0,2,2
"19",105297,1,0,1,0,2,2,2,0,6
"20",105330,0,0,0,1,0,0,0,2,2
"21",106245,1,0,0,0,2,0,0,0,2
"22",106397,0,0,0,0,0,0,0,0,0
"23",106412,1,1,1,0,1,0,0,0,1
"24",106458,0,0,0,0,0,0,0,0,0
"25",106467,0,0,0,0,0,0,0,0,0
"26",106485,1,1,0,0,2,0,0,0,2
"27",106704,0,0,0,0,0,0,0,0,0
"28",107071,1,1,0,0,1,0,0,0,1
"29",107983,0,1,0,0,0,0,0,0,0
"30",108092,1,1,1,0,2,0,0,0,2
"31",109350,0,0,1,0,2,2,0,0,4
"32",109819,0,0,0,0,0,0,0,0,0
"33",110422,0,0,0,1,0,0,0,0,0
"34",110486,0,0,1,1,0,0,0,0,0
"35",110495,0,0,1,1,0,0,0,0,0
"36",110510,0,0,1,1,0,0,0,0,0
"37",110529,0,0,0,1,0,0,0,0,0
"38",110538,0,0,0,1,0,0,0,0,0
"39",110547,0,0,1,1,0,0,0,0,0
"40",110556,0,0,1,1,0,0,0,0,0
"41",110565,0,0,0,1,0,0,0,0,0
"42",110574,0,0,1,1,0,0,0,0,0
"43",110583,0,0,0,1,0,0,0,0,0
"44",110592,0,0,1,1,0,0,0,0,0
"45",110608,0,0,1,1,0,2,0,0,2
"46",110617,0,0,1,1,0,0,0,0,0
"47",110635,0,0,0,1,0,0,0,0,0
"48",110644,0,0,0,1,0,0,0,0,0
"49",110653,0,0,1,1,0,0,0,0,0
"50",110662,0,0,1,1,0,0,0,0,0
"51",110671,0,0,1,1,0,0,0,0,0
"52",110680,0,0,0,1,0,0,0,0,0
"53",110705,0,0,1,1,0,0,0,0,0
"54",110714,0,0,1,1,0,0,0,0,0
"55",111188,0,0,1,0,0,0,0,0,0
"56",113236,0,0,0,0,1,0,0,0,1
"57",114433,0,1,1,0,1,0,0,0,1
"58",114716,0,0,1,1,0,2,0,2,4
"59",115755,0,0,0,1,1,0,0,0,1
"60",118912,0,0,0,0,1,0,0,0,1
"61",118976,0,0,0,1,0,0,0,2,2
"62",121619,0,0,1,0,0,0,0,2,2
"63",121886,1,0,1,1,2,0,0,0,2
"64",122375,1,0,0,0,2,0,0,0,2
"65",122409,0,0,0,1,0,0,0,0,0
"66",122597,0,0,1,1,0,0,0,0,0
"67",122755,0,0,1,1,0,0,0,0,0
"68",122977,0,0,0,1,0,0,1,0,1
"69",123299,0,1,1,1,0,2,1,2,5
"70",123509,0,0,0,0,0,0,0,0,0
"71",123563,1,0,1,1,0,2,0,0,2
"72",123572,0,0,0,1,0,0,0,0,0
"73",125471,0,1,1,1,0,2,0,0,2
"74",126182,1,1,1,1,2,0,1,2,5
"75",126289,1,1,1,1,2,2,0,2,6
"76",126562,0,0,1,1,0,2,0,0,2
"77",126580,0,0,1,1,0,0,0,2,2
"78",126614,0,0,0,1,0,0,0,2,2
"79",126711,1,1,1,0,2,2,2,0,6
"80",126775,0,0,0,1,0,0,0,2,2
"81",126818,0,0,0,1,0,0,0,2,2
"82",126942,1,1,1,1,2,2,2,2,8
"83",127185,0,1,0,1,1,0,1,2,4
"84",127556,0,0,1,1,1,0,0,2,3
"85",127565,0,1,0,1,0,0,1,2,3
"86",127741,0,0,1,1,1,0,0,2,3
"87",127820,1,1,1,1,2,2,2,2,8
"88",127884,1,1,1,1,2,0,2,2,6
"89",127909,1,1,1,1,2,2,2,2,8
"90",128106,1,1,0,1,2,0,0,2,4
"91",128328,0,0,NA,1,0,2,0,0,2
"92",128391,0,1,1,1,0,0,0,2,2
"93",128771,0,0,0,0,0,0,0,0,0
"94",128780,0,0,NA,0,NA,NA,NA,NA,NA
"95",129020,0,0,0,0,0,0,0,0,0
"96",129215,0,0,1,0,0,0,0,0,0
"97",130493,0,0,0,0,0,0,0,0,0
"98",130624,1,0,NA,1,0,2,0,2,4
"99",130776,0,0,1,1,0,0,0,0,0
"100",130907,1,1,0,0,0,0,0,0,0
"101",130934,1,0,1,0,1,1,0,0,2
"102",130943,0,0,0,1,0,0,0,2,2
"103",131399,0,1,1,0,1,0,0,0,1
"104",132693,0,0,0,0,2,0,2,2,6
"105",132903,0,0,0,0,0,0,0,0,0
"106",133650,1,0,0,1,2,0,0,0,2
"107",133669,0,0,1,1,0,2,0,0,2
"108",133951,0,0,1,0,0,0,0,0,0
"109",133960,1,1,1,0,2,2,0,0,4
"110",134097,0,0,0,0,0,0,0,0,0
"111",134130,0,0,1,0,0,0,0,0,0
"112",135160,0,0,0,0,NA,NA,NA,NA,NA
"113",135188,0,0,0,0,NA,NA,NA,NA,NA
"114",136145,1,0,1,0,0,0,0,0,0
"115",136172,0,0,0,1,0,0,0,0,0
"116",136400,0,1,0,0,2,0,0,0,2
"117",137315,0,0,0,0,NA,NA,NA,NA,NA
"118",137351,0,0,1,0,0,2,0,0,2
"119",137759,1,1,0,1,2,0,0,2,4
"120",138354,1,0,1,1,2,0,0,0,2
"121",138558,0,1,1,0,0,0,0,0,0
"122",138716,1,0,0,0,0,0,0,0,0
"123",138789,1,0,0,0,2,0,0,0,2
"124",138901,1,1,1,0,2,2,2,0,6
"125",139010,1,1,0,0,2,0,1,0,3
"126",139250,1,1,0,0,0,0,2,0,2
"127",139311,0,0,0,0,0,1,0,0,1
"128",139366,1,0,0,0,2,0,0,0,2
"129",139463,1,0,0,0,1,0,0,0,1
"130",139621,1,1,1,0,2,2,2,0,6
"131",139700,0,1,0,0,0,0,0,0,0
"132",139719,1,1,0,0,2,0,0,0,2
"133",139755,0,0,0,0,0,0,0,0,0
"134",139764,0,1,0,0,0,0,0,0,0
"135",139861,0,0,0,0,0,0,0,0,0
"136",139931,0,0,0,0,0,0,0,0,0
"137",139940,0,0,0,0,0,0,0,0,0
"138",139959,0,0,0,0,0,0,0,0,0
"139",139968,1,1,0,0,2,0,2,0,4
"140",140960,1,1,0,0,2,0,2,0,4
"141",141264,1,0,0,0,2,0,0,0,2
"142",141334,0,0,0,0,0,0,0,0,0
"143",141565,1,0,0,0,2,0,0,0,2
"144",141574,0,0,0,0,0,0,0,0,0
"145",141981,0,1,0,0,0,0,0,0,0
"146",142115,0,0,1,0,0,2,0,0,2
"147",142276,1,1,0,0,2,0,0,0,2
"148",142285,0,0,0,0,0,0,0,0,0
"149",142328,1,1,1,0,1,2,0,0,3
"150",144005,1,1,1,1,2,2,0,2,6
"151",144892,1,0,1,1,2,1,1,2,6
"152",145336,1,1,0,1,2,0,2,0,4
"153",145600,0,0,0,1,0,0,0,2,2
"154",145637,0,0,0,1,0,0,0,2,2
"155",145813,0,0,0,1,0,0,0,2,2
"156",147703,1,0,0,1,2,0,0,2,4
"157",147776,1,1,0,1,2,0,2,2,6
"158",148654,0,0,1,1,0,2,0,2,4
"159",149222,1,1,0,1,2,0,0,2,4
"160",149231,0,0,1,1,2,2,0,2,6
"161",149772,1,0,0,1,2,0,0,2,4
"162",150136,0,0,0,0,0,0,0,0,0
"163",151102,1,1,1,0,2,2,2,0,6
"164",151111,0,0,1,0,0,2,0,0,2
"165",151306,1,0,1,0,2,0,0,0,2
"166",151324,0,1,1,0,0,1,0,0,1
"167",151333,0,1,1,0,0,2,1,0,3
"168",151342,0,1,1,0,0,2,0,0,2
"169",151351,0,0,0,1,0,0,0,1,1
"170",151360,1,0,1,0,2,2,0,0,4
"171",151379,0,1,1,0,0,2,1,1,4
"172",151388,0,0,1,0,0,1,0,0,1
"173",152637,1,1,0,0,2,0,2,0,4
"174",153409,0,0,0,0,NA,NA,NA,NA,NA
"175",153418,0,0,0,0,NA,NA,NA,NA,NA
"176",153603,0,0,1,0,0,0,0,0,0
"177",153658,0,0,1,0,0,0,0,0,0
"178",154095,0,0,0,0,0,0,0,0,0
"179",155025,0,0,0,0,0,0,0,0,0
"180",155061,0,0,0,0,0,0,0,0,0
"181",155317,0,0,0,0,0,0,0,0,0
"182",155399,0,0,0,0,1,0,0,0,1
"183",155681,0,0,0,0,2,0,0,0,2
"184",156082,0,0,1,0,1,0,0,0,1
"185",156125,0,0,0,0,0,0,0,0,0
"186",156620,0,0,1,0,0,0,0,1,1
"187",157058,1,1,1,0,2,1,0,0,3
"188",157085,0,0,0,0,0,0,0,1,1
"189",157289,0,0,0,1,0,0,0,2,2
"190",157386,0,0,0,0,0,0,0,1,1
"191",157401,0,0,0,0,1,0,0,1,2
"192",157447,0,0,0,0,1,0,0,0,1
"193",157951,0,0,1,0,1,0,0,1,2
"194",159009,1,0,0,1,0,0,0,2,2
"195",159382,0,1,0,1,0,0,1,2,3
"196",159391,0,0,0,1,0,0,0,2,2
"197",159416,0,1,0,1,2,0,1,2,5
"198",159647,0,0,0,1,0,0,0,2,2
"199",159717,0,0,0,1,0,0,0,2,2
"200",159939,1,1,0,1,1,0,0,2,3
"201",159966,0,0,0,1,0,0,0,2,2
"202",159993,0,0,1,1,0,0,0,2,2
"203",160038,0,0,1,1,0,0,0,2,2
"204",160612,0,1,0,1,0,0,1,2,3
"205",160621,0,0,0,1,0,0,2,2,4
"206",160630,1,1,1,1,2,2,2,2,8
"207",160658,0,0,0,1,0,0,0,2,2
"208",160940,1,1,1,1,2,0,2,2,6
"209",161217,1,1,0,0,2,0,0,0,2
"210",161226,0,0,0,0,1,0,0,0,1
"211",161235,1,1,1,0,2,0,0,0,2
"212",161244,1,1,0,0,2,0,2,0,4
"213",161253,0,0,0,0,0,0,0,0,0
"214",161299,1,0,0,0,2,0,0,0,2
"215",161341,0,1,1,0,1,0,1,0,2
"216",161554,0,0,1,0,0,2,0,0,2
"217",161873,1,0,1,0,2,0,0,0,2
"218",162007,0,0,1,0,0,0,0,0,0
"219",162283,1,1,0,0,2,0,1,0,3
"220",162584,0,0,0,0,0,0,0,0,0
"221",162681,0,0,NA,0,NA,NA,NA,NA,NA
"222",163204,1,1,1,0,2,0,1,0,3
"223",163268,0,0,0,0,0,0,0,0,0
"224",163286,0,0,0,0,0,0,0,0,0
"225",163338,1,1,1,0,2,0,2,0,4
"226",163453,0,0,1,0,0,0,0,0,0
"227",163851,0,0,0,0,0,0,0,0,0
"228",163912,1,0,1,0,2,0,0,0,2
"229",164076,0,0,0,0,0,0,0,0,0
"230",164155,0,0,NA,0,0,2,0,0,2
"231",165024,0,0,0,0,0,0,0,0,0
"232",165820,0,0,0,0,0,0,0,0,0
"233",165866,1,0,0,0,2,0,0,0,2
"234",166513,0,0,0,0,0,0,0,0,0
"235",166629,0,0,0,0,0,0,0,0,0
"236",166638,0,0,1,0,0,0,0,0,0
"237",166674,0,0,0,0,0,0,0,0,0
"238",166692,0,0,1,0,0,2,0,0,2
"239",167288,0,0,0,0,1,0,0,0,1
"240",167729,0,0,0,0,0,0,0,0,0
"241",167987,0,0,0,0,2,0,0,0,2
"242",168263,0,0,0,0,1,0,0,0,1
"243",168430,0,0,0,0,0,0,0,0,0
"244",168607,1,1,0,0,2,0,0,0,2
"245",169248,1,0,1,1,2,0,0,0,2
"246",169798,0,0,1,1,0,0,0,0,0
"247",169910,0,0,1,0,2,0,0,0,2
"248",170082,0,0,0,1,0,0,0,0,0
"249",170240,1,1,0,0,2,0,0,0,2
"250",170444,1,1,0,0,2,0,0,0,2
"251",170620,0,1,1,0,2,0,2,0,4
"252",170639,1,0,1,0,2,0,0,0,2
"253",170976,0,0,0,1,0,0,0,0,0
"254",171100,0,0,0,1,0,0,0,0,0
"255",171128,0,0,0,1,0,0,0,0,0
"256",171137,0,0,0,0,0,0,0,0,0
"257",171146,0,0,0,0,0,0,0,0,0
"258",171456,1,0,0,0,1,0,0,0,1
"259",171483,1,1,0,0,2,0,0,0,2
"260",171571,0,0,1,1,0,2,0,0,2
"261",172051,1,0,0,0,2,0,0,0,2
"262",172200,0,1,1,0,0,0,2,0,2
"263",172644,0,0,0,1,0,0,0,1,1
"264",172699,0,0,0,1,0,0,0,0,0
"265",173124,0,0,0,1,1,0,0,0,1
"266",173920,0,0,0,0,0,0,0,0,0
"267",174020,0,0,1,0,0,0,0,0,0
"268",174066,0,0,1,1,0,0,0,0,0
"269",174075,1,0,0,1,2,0,0,0,2
"270",174233,0,0,1,1,0,0,0,0,0
"271",174251,1,0,1,1,2,2,0,0,4
"272",174358,1,0,0,1,2,0,0,0,2
"273",174783,1,0,0,0,2,0,0,0,2
"274",175078,1,0,0,0,2,0,1,0,3
"275",175272,1,0,0,0,2,0,0,0,2
"276",175342,1,0,0,0,0,0,0,0,0
"277",175616,0,1,0,0,1,0,0,0,1
"278",175856,0,1,0,0,0,0,2,0,2
"279",176017,0,0,0,0,0,0,0,0,0
"280",176035,0,1,0,0,0,0,2,0,2
"281",176044,0,1,1,0,0,0,1,1,2
"282",176080,0,0,0,0,0,0,0,0,0
"283",176372,0,0,0,0,0,0,0,0,0
"284",176965,0,0,0,0,1,0,0,0,1
"285",177551,1,1,1,0,0,0,0,1,1
"286",177940,1,1,0,0,2,0,2,0,4
"287",178341,0,1,1,0,0,0,0,0,0
"288",178387,1,1,1,0,2,0,0,0,2
"289",178396,1,0,0,1,2,0,0,1,3
"290",178402,0,0,1,0,0,2,0,0,2
"291",178411,0,0,1,0,0,2,0,0,2
"292",178420,0,0,1,0,0,2,0,0,2
"293",178615,0,0,1,0,1,0,0,0,1
"294",178624,1,0,0,0,2,0,0,0,2
"295",179557,0,0,0,0,1,0,0,0,1
"296",179566,0,0,0,0,0,0,0,0,0
"297",180179,1,1,0,0,2,0,2,0,4
"298",180416,1,0,1,0,2,0,0,0,2
"299",180461,0,0,0,0,0,0,0,0,0
"300",180489,1,0,1,0,2,0,0,0,2
"301",180522,0,1,1,0,0,2,0,0,2
"302",180692,0,0,1,0,0,1,0,0,1
"303",180948,0,0,0,0,0,0,2,0,2
"304",181215,0,0,0,0,2,0,0,0,2
"305",181242,0,0,1,1,2,2,0,2,6
"306",181394,0,0,0,0,0,0,0,0,0
"307",181400,1,0,0,1,2,0,0,2,4
"308",181464,0,0,0,0,0,0,0,0,0
"309",181534,0,1,0,0,0,0,1,0,1
"310",181783,0,0,0,0,0,0,0,0,0
"311",182281,0,0,0,1,0,0,0,0,0
"312",182290,0,0,0,1,0,0,0,0,0
"313",182306,0,1,0,1,0,0,0,2,2
"314",182500,1,1,0,1,2,0,1,2,5
"315",182564,0,0,0,0,NA,NA,NA,NA,NA
"316",183044,0,0,0,1,0,0,0,1,1
"317",183062,1,0,0,1,2,0,0,0,2
"318",183071,1,0,1,1,2,1,0,0,3
"319",183080,0,0,0,1,0,0,0,0,0
"320",183257,1,1,0,1,2,0,2,0,4
"321",184782,0,0,1,0,0,0,0,0,0
"322",185129,0,0,1,0,0,0,0,0,0
"323",185262,1,0,1,0,0,0,0,0,0
"324",185590,0,0,0,0,0,0,0,0,0
"325",185828,0,0,0,0,0,0,0,0,0
"326",186201,0,0,0,0,0,0,0,0,0
"327",186371,1,0,0,1,0,0,0,2,2
"328",186380,0,0,1,0,0,0,0,0,0
"329",186399,0,0,1,1,0,0,0,2,2
"330",186876,0,0,1,0,0,2,0,0,2
"331",187134,0,0,1,0,0,0,0,0,0
"332",187444,0,0,0,0,0,0,0,0,0
"333",187596,1,1,1,1,2,0,0,2,4
"334",187648,0,1,0,0,2,0,1,0,3
"335",187745,0,1,0,0,0,0,2,0,2
"336",187897,1,1,1,0,2,0,2,0,4
"337",187967,0,0,0,0,2,0,0,0,2
"338",187985,0,0,0,0,1,0,0,0,1
"339",188030,1,0,1,0,0,2,0,0,2
"340",188058,1,1,1,0,2,0,2,0,4
"341",188304,1,1,0,0,2,0,0,0,2
"342",190512,0,0,1,0,0,2,0,0,2
"343",190549,0,0,1,0,0,2,0,0,2
"344",190558,0,0,1,0,0,0,0,0,0
"345",190567,0,0,1,0,0,2,0,0,2
"346",190594,0,0,1,0,0,2,0,0,2
"347",190600,0,0,0,0,0,0,0,0,0
"348",190637,0,0,1,0,0,1,0,0,1
"349",190646,0,1,0,0,0,0,1,0,1
"350",190655,0,0,1,0,0,0,0,0,0
"351",190664,0,0,1,0,0,1,0,0,1
"352",190691,0,0,1,0,0,1,1,0,2
"353",191126,0,0,1,0,0,0,0,0,0
"354",196006,0,0,0,0,0,0,0,0,0
"355",196015,1,0,0,0,2,0,0,0,2
"356",196024,0,0,0,0,0,0,0,0,0
"357",196033,0,0,1,0,1,1,1,0,3
"358",196042,0,0,0,0,0,0,0,0,0
"359",196051,1,1,0,0,2,0,1,0,3
"360",196060,0,0,0,0,0,0,0,0,0
"361",196079,0,0,0,0,0,0,0,0,0
"362",196088,0,0,0,0,0,0,0,0,0
"363",196097,0,0,0,0,0,0,0,0,0
"364",196103,0,0,1,0,0,0,0,0,0
"365",196112,0,0,0,1,0,0,0,0,0
"366",196121,0,0,0,0,0,0,0,0,0
"367",196130,0,0,0,0,0,0,2,0,2
"368",196149,0,0,0,0,0,0,0,0,0
"369",196158,1,0,0,0,0,0,0,0,0
"370",196167,0,0,0,0,0,0,0,0,0
"371",196176,0,0,0,0,0,0,0,0,0
"372",196185,0,0,0,0,0,0,0,0,0
"373",196194,0,0,0,0,0,0,0,0,0
"374",196200,0,0,0,0,1,0,0,0,1
"375",196219,0,0,0,0,0,0,0,0,0
"376",196237,0,0,1,0,0,0,0,0,0
"377",196246,0,0,0,0,0,0,0,0,0
"378",196264,0,1,0,0,2,0,2,0,4
"379",196291,0,0,0,0,0,0,0,0,0
"380",197027,0,0,1,0,0,0,0,0,0
"381",197036,0,0,NA,0,0,2,0,0,2
"382",197869,0,0,0,0,0,0,0,0,0
"383",198464,0,0,0,0,0,0,0,0,0
"384",198507,1,0,0,0,2,0,0,1,3
"385",198543,0,0,0,0,0,0,0,0,0
"386",199102,0,0,0,0,0,0,0,0,0
"387",199111,0,0,0,0,0,0,0,0,0
"388",199120,0,0,1,0,0,1,0,0,1
"389",199139,0,0,1,0,0,0,0,0,0
"390",199148,0,0,0,0,0,0,0,0,0
"391",199157,1,0,0,0,0,0,0,0,0
"392",199184,0,0,0,0,0,0,0,0,0
"393",199193,0,0,0,0,0,0,0,0,0
"394",199218,0,0,0,0,0,0,0,0,0
"395",199281,0,0,0,0,0,0,0,0,0
"396",199999,0,0,0,0,0,0,0,0,0
"397",200004,0,0,0,0,0,0,0,0,0
"398",200059,1,1,0,0,2,0,0,0,2
"399",200086,0,1,0,1,0,0,2,2,4
"400",200226,0,1,1,0,1,0,0,0,1
"401",200253,1,0,1,0,2,2,0,0,4
"402",200280,0,0,0,0,2,0,0,0,2
"403",200332,0,0,0,0,0,0,0,0,0
"404",200466,0,0,0,0,NA,NA,NA,NA,NA
"405",200572,0,1,0,0,1,0,0,0,1
"406",200800,1,0,0,0,2,0,0,0,2
"407",201441,1,0,0,1,2,0,0,0,2
"408",201690,1,1,0,1,0,0,2,2,4
"409",201885,0,0,0,1,0,0,0,0,0
"410",202134,0,0,0,1,0,0,0,0,0
"411",203447,1,1,1,0,2,2,2,0,6
"412",203456,1,1,1,0,2,2,2,0,6
"413",203465,1,1,1,0,2,2,0,0,4
"414",203474,1,1,1,0,2,2,0,0,4
"415",203483,1,1,1,0,2,2,0,0,4
"416",203492,1,1,1,0,2,2,2,0,6
"417",203517,0,0,1,0,0,0,0,0,0
"418",203526,0,1,1,0,0,2,0,0,2
"419",203748,0,1,1,0,1,0,0,0,1
"420",204006,1,1,1,0,2,2,0,0,4
"421",204015,1,1,1,1,2,2,0,2,6
"422",204024,0,0,1,0,0,2,0,0,2
"423",204671,1,1,1,1,2,0,0,2,4
"424",204680,0,0,0,1,1,0,0,2,3
"425",204699,1,0,1,1,0,0,0,2,2
"426",204705,0,1,1,1,0,0,0,0,0
"427",204796,0,0,1,0,0,2,0,0,2
"428",204802,1,1,1,1,2,2,2,2,8
"429",204820,0,1,1,1,1,2,0,0,3
"430",204839,0,1,1,1,2,2,0,2,6
"431",204848,0,1,1,1,0,2,2,1,5
"432",204857,0,0,1,0,0,0,0,0,0
"433",204866,1,1,1,1,2,2,2,0,6
"434",205443,1,1,1,0,2,2,0,0,4
"435",206084,1,0,0,1,2,0,0,1,3
"436",206604,1,1,1,1,2,2,0,1,5
"437",206613,0,1,1,0,0,1,0,0,1
"438",206695,1,0,1,1,2,1,0,1,4
"439",206914,1,1,0,1,2,0,0,2,4
"440",206941,0,1,0,1,0,0,1,2,3
"441",207041,1,1,1,1,2,0,2,2,6
"442",207209,0,1,1,1,0,0,2,2,4
"443",207263,0,1,0,1,1,0,1,2,4
"444",207306,1,1,0,1,2,0,2,2,6
"445",207351,1,1,0,1,2,0,2,2,6
"446",207388,0,0,0,1,0,0,0,2,2
"447",207397,0,0,0,0,2,0,2,2,6
"448",207500,0,0,0,1,0,0,0,2,2
"449",207564,1,1,0,0,2,0,2,1,5
"450",207661,1,1,0,1,2,0,0,2,4
"451",207722,0,1,0,1,0,0,0,2,2
"452",207847,1,1,1,1,2,0,0,2,4
"453",207865,0,0,0,1,0,0,0,2,2
"454",208646,1,1,0,1,2,0,0,0,2
"455",209506,0,0,0,0,0,0,0,0,0
"456",209542,0,0,0,0,0,0,0,0,0
"457",209551,0,0,1,1,0,0,0,0,0
"458",209807,0,0,0,1,0,0,0,0,0
"459",210146,1,0,1,1,0,2,0,0,2
"460",210429,1,0,0,1,2,0,0,0,2
"461",211158,0,0,0,0,0,0,0,0,0
"462",211361,1,0,1,1,2,0,0,0,2
"463",211608,1,1,0,0,2,0,2,1,5
"464",211644,1,0,0,1,2,0,0,0,2
"465",212115,0,0,0,1,1,0,0,0,1
"466",212160,1,0,1,0,2,0,0,0,2
"467",213020,1,0,0,1,2,0,0,1,3
"468",213349,1,0,0,1,2,0,0,1,3
"469",213598,0,0,0,1,0,0,0,2,2
"470",213613,1,0,0,0,2,0,0,0,2
"471",213783,1,0,0,0,2,0,0,1,3
"472",214041,0,0,0,1,0,0,0,0,0
"473",214591,0,0,0,1,0,0,0,2,2
"474",214625,1,0,1,1,2,0,0,2,4
"475",214634,1,1,1,1,2,0,2,2,6
"476",214643,1,0,0,1,2,0,0,2,4
"477",214652,1,0,1,1,2,0,0,2,4
"478",214670,1,0,0,1,1,0,0,2,3
"479",214689,1,0,1,1,2,0,0,2,4
"480",214698,1,0,0,1,2,0,0,2,4
"481",214704,1,0,1,1,2,0,0,2,4
"482",214713,0,0,1,1,0,0,0,2,2
"483",214731,1,0,0,1,0,0,0,2,2
"484",214740,0,0,1,1,2,0,0,2,4
"485",214759,1,0,0,1,2,0,0,2,4
"486",214768,1,0,1,1,2,0,0,2,4
"487",214777,0,0,0,1,0,0,0,2,2
"488",214786,1,0,1,1,2,1,0,2,5
"489",214795,1,0,0,1,2,0,0,2,4
"490",214801,0,0,1,1,0,0,0,2,2
"491",214810,1,0,1,1,2,2,0,2,6
"492",214829,0,0,1,1,0,0,0,2,2
"493",215266,0,0,1,1,0,0,1,2,3
"494",215275,0,0,1,1,0,0,1,2,3
"495",215284,0,0,0,1,0,0,0,2,2
"496",215293,0,0,0,1,0,0,0,2,2
"497",216010,1,0,0,0,2,0,0,0,2
"498",216038,0,0,0,1,0,0,0,0,0
"499",216339,0,0,0,1,0,0,0,2,2
"500",216764,0,0,1,0,0,0,0,0,0
"501",217420,0,0,0,0,0,0,0,0,0
"502",217484,0,0,0,0,0,0,0,0,0
"503",217819,0,0,1,0,1,0,0,0,1
"504",217864,0,0,0,0,0,0,0,0,0
"505",217882,0,0,1,0,0,0,0,0,0
"506",218061,0,0,1,0,0,2,0,0,2
"507",218229,0,1,0,0,0,0,0,0,0
"508",218645,0,0,0,0,0,0,0,0,0
"509",218654,0,1,0,0,0,0,0,0,0
"510",218663,0,0,0,0,0,0,0,0,0
"511",218724,0,1,0,1,0,0,0,0,0
"512",218733,1,1,0,0,2,0,0,0,2
"513",218742,0,0,0,0,0,0,0,0,0
"514",218964,0,0,1,0,0,0,0,0,0
"515",219046,1,1,1,0,1,0,0,0,1
"516",219082,0,0,0,0,0,0,0,0,0
"517",219259,1,0,0,0,2,0,0,0,2
"518",219277,1,1,1,1,2,2,0,2,6
"519",219347,0,0,0,0,0,0,0,0,0
"520",219356,0,0,0,0,0,0,0,0,0
"521",219471,0,0,0,0,0,0,0,0,0
"522",219602,0,0,0,1,0,0,0,0,0
"523",220075,0,0,1,1,0,2,0,0,2
"524",220862,1,0,0,1,0,0,0,2,2
"525",220978,1,0,0,1,2,0,0,0,2
"526",221740,0,0,1,1,0,0,0,0,0
"527",221759,0,0,0,1,0,0,0,2,2
"528",221768,1,0,1,1,2,0,0,0,2
"529",221838,0,1,0,1,0,0,1,1,2
"530",221847,1,0,0,1,2,0,0,0,2
"531",222831,0,1,1,0,0,1,0,0,1
"532",222992,0,1,1,0,2,2,1,0,5
"533",223506,0,0,1,0,0,2,0,0,2
"534",224147,0,1,0,1,0,0,2,0,2
"535",224545,1,1,0,0,0,0,0,0,0
"536",224554,0,0,1,0,0,0,1,0,1
"537",225414,1,0,1,0,2,2,0,0,4
"538",225432,1,1,1,1,2,2,0,1,5
"539",225502,0,1,0,1,0,0,1,0,1
"540",225511,0,0,0,1,0,0,0,0,0
"541",226091,0,1,1,0,1,2,0,0,3
"542",226152,0,0,1,1,0,0,0,0,0
"543",226833,0,0,0,0,0,0,0,0,0
"544",227216,0,0,0,0,0,0,0,0,0
"545",227368,0,0,1,0,0,2,0,0,2
"546",227526,0,0,1,1,0,0,0,0,0
"547",227881,0,0,0,0,0,0,0,0,0
"548",228431,1,0,0,0,1,1,0,0,2
"549",228459,0,0,0,0,0,0,0,0,0
"550",228501,0,1,0,0,0,0,1,2,3
"551",228529,0,0,1,1,0,2,0,0,2
"552",228705,0,1,0,0,0,0,0,1,1
"553",228723,0,0,1,0,0,0,0,0,0
"554",228769,0,0,0,0,0,0,0,0,0
"555",228778,0,0,1,0,0,1,0,0,1
"556",228787,0,0,1,0,0,0,0,0,0
"557",228796,0,0,0,0,0,0,0,0,0
"558",228802,0,1,0,0,0,0,1,0,1
"559",229018,0,0,1,0,0,0,0,0,0
"560",229027,0,1,0,0,0,0,0,0,0
"561",229063,0,1,0,0,0,0,2,0,2
"562",229115,0,0,0,0,0,0,0,0,0
"563",229179,0,0,0,1,0,0,0,0,0
"564",229355,0,1,0,0,0,0,0,0,0
"565",229814,0,0,0,0,0,0,0,0,0
"566",230171,0,1,1,0,0,2,2,0,4
"567",230597,0,1,0,0,0,0,0,0,0
"568",230603,0,0,0,0,0,0,0,0,0
"569",230728,0,0,0,0,0,0,0,0,0
"570",230737,1,1,1,0,0,2,0,0,2
"571",230764,0,0,0,0,0,0,0,0,0
"572",230782,0,1,0,0,0,0,2,0,2
"573",230834,1,0,0,0,1,0,0,0,1
"574",230913,1,0,0,0,0,0,0,0,0
"575",230931,1,1,1,0,2,0,0,0,2
"576",231165,1,0,1,1,0,0,0,1,1
"577",231174,0,0,0,0,0,0,0,0,0
"578",231624,0,0,1,0,0,0,0,0,0
"579",231712,0,0,0,0,0,0,0,0,0
"580",232186,0,0,0,0,0,0,0,0,0
"581",232423,0,0,0,0,0,0,0,0,0
"582",232566,0,0,1,0,0,0,0,0,0
"583",232681,0,0,0,0,0,0,0,0,0
"584",232937,1,0,0,0,0,0,0,0,0
"585",232982,0,0,1,0,0,0,0,0,0
"586",233277,0,0,0,0,2,0,0,0,2
"587",233897,1,1,1,0,2,1,0,0,3
"588",233921,0,0,1,0,0,0,0,0,0
"589",234030,0,0,0,0,0,0,0,0,0
"590",234076,0,0,0,0,0,0,0,0,0
"591",234085,0,0,1,0,0,0,0,0,0
"592",234155,1,0,0,0,2,0,0,0,2
"593",234696,0,1,1,0,0,2,0,0,2
"594",234827,0,0,0,1,0,0,0,0,0
"595",234845,0,0,0,0,NA,NA,NA,NA,NA
"596",234933,0,1,0,1,2,0,0,2,4
"597",234951,0,1,1,1,0,0,2,0,2
"598",234979,0,0,0,0,NA,NA,NA,NA,NA
"599",235097,0,0,0,1,0,0,0,0,0
"600",235103,0,1,0,1,2,0,0,0,2
"601",235167,0,0,0,0,2,0,2,0,4
"602",235237,0,1,1,0,0,2,2,2,6
"603",235334,0,1,1,0,0,0,2,1,3
"604",235343,0,1,0,1,0,0,1,0,1
"605",235431,1,1,1,1,2,0,0,2,4
"606",235699,0,0,0,0,NA,NA,NA,NA,NA
"607",236072,0,1,1,0,2,2,0,2,6
"608",236258,0,0,0,0,NA,NA,NA,NA,NA
"609",236382,0,0,1,1,0,2,0,2,4
"610",236504,0,0,0,0,NA,NA,NA,NA,NA
"611",236638,0,1,0,1,0,0,0,2,2
"612",236692,0,1,0,1,0,0,1,2,3
"613",236708,0,1,0,1,0,0,1,2,3
"614",236753,0,1,1,1,0,0,1,2,3
"615",236887,0,1,1,1,0,0,0,0,0
"616",236939,0,0,0,1,0,0,0,0,0
"617",236948,0,0,0,1,0,0,0,0,0
"618",236975,1,1,0,1,2,0,0,0,2
"619",237011,0,0,0,1,0,0,0,0,0
"620",237039,1,1,0,1,1,0,1,0,2
"621",237109,0,1,1,0,2,0,1,2,5
"622",237215,1,1,1,0,2,2,0,2,6
"623",237330,1,1,1,1,2,2,0,2,6
"624",237367,0,1,0,0,0,0,0,2,2
"625",237385,0,1,0,0,0,0,2,2,4
"626",237525,0,0,0,0,1,0,0,2,3
"627",237686,1,0,1,0,2,2,2,0,6
"628",237701,1,1,1,1,2,0,2,2,6
"629",237792,1,1,1,1,2,2,0,2,6
"630",237899,0,1,0,0,0,0,1,1,2
"631",237932,1,0,0,0,2,0,0,2,4
"632",237950,0,1,1,1,0,0,0,2,2
"633",238032,0,0,0,0,0,0,0,2,2
"634",240055,1,1,0,1,2,0,2,2,6
"635",240189,0,0,0,1,0,0,0,2,2
"636",240268,0,0,0,1,0,0,0,2,2
"637",240277,0,0,0,1,0,0,0,2,2
"638",240329,0,0,0,1,0,0,0,2,2
"639",240365,1,0,0,1,0,0,0,2,2
"640",240374,1,1,1,1,2,2,0,2,6
"641",240417,0,0,0,1,0,0,0,2,2
"642",240426,0,0,0,1,0,0,0,2,2
"643",240444,0,0,1,1,0,0,0,2,2
"644",240453,0,0,0,0,0,0,0,0,0
"645",240462,0,0,0,1,1,0,0,0,1
"646",240471,0,0,0,1,0,0,0,2,2
"647",240480,0,0,0,1,0,0,0,2,2
"648",240727,0,0,0,0,0,0,0,0,0
"649",240736,1,0,1,0,2,2,0,0,4
"650",240754,0,0,1,0,1,2,0,2,5
"651",240790,0,1,1,0,0,0,0,0,0
"652",241720,1,1,1,1,2,2,1,2,7
"653",241766,0,0,1,0,2,0,0,2,4
"654",241951,0,0,1,0,0,2,0,0,2
"655",243106,0,0,0,0,0,0,0,0,0
"656",243115,0,0,1,1,0,0,0,0,0
"657",243133,0,0,0,0,2,0,0,0,2
"658",243142,0,0,0,0,0,0,0,0,0
"659",243151,0,0,1,1,2,0,0,0,2
"660",243179,0,0,1,0,0,0,0,2,2
"661",243188,0,1,0,0,2,0,2,0,4
"662",243197,0,0,1,1,0,0,0,2,2
"663",243212,0,0,1,1,0,0,0,2,2
"664",243221,0,0,1,1,0,0,0,0,0
"665",243665,1,0,0,1,2,0,0,2,4
"666",243780,0,0,1,0,0,2,0,0,2
"667",260901,0,1,1,1,1,2,2,2,7
"668",262129,1,0,1,1,1,0,0,0,1
"669",366252,0,0,0,1,2,0,0,2,4
"670",366340,0,1,1,0,0,2,1,0,3
"671",366711,0,0,1,1,0,0,0,0,0
"672",367024,1,1,1,1,2,1,2,2,7
"673",376695,1,1,0,1,2,0,1,2,5
"674",377555,0,0,0,1,0,0,0,2,2
"675",377564,0,0,1,1,0,1,0,2,3
"676",380359,1,1,1,1,2,0,0,2,4
"677",380377,1,1,1,1,1,2,2,2,7
"678",409315,0,1,1,0,0,2,0,0,2
"679",409698,0,0,1,1,0,0,0,0,0
"680",433174,0,1,NA,1,0,2,0,2,4
"681",433660,0,0,0,0,0,0,0,0,0
"682",434584,1,1,1,1,2,2,2,2,8
"683",436818,1,0,0,1,2,0,0,2,4
"684",436827,1,0,0,1,2,0,0,2,4
"685",436836,0,0,0,1,0,0,0,2,2
"686",439190,0,1,0,1,0,0,1,2,3
"687",440828,1,0,1,1,2,0,0,2,4
"688",441900,1,1,0,1,0,0,0,0,0
"689",441937,0,0,1,0,0,0,0,0,0
"690",445188,0,0,0,0,0,0,0,0,0
"691",447689,0,1,0,0,0,0,0,0,0
"692",448840,0,0,1,1,0,2,0,0,2
"693",451671,1,0,1,0,2,2,0,0,4
"694",456959,0,0,1,1,0,2,0,2,4
