"","id","enrollment_data_score","retention_data_score","price_data_score","ratio_data_score","enrollment_trend","price_trend","retention_trend","ratio_trend","total"
"1",100690,0,1,1,0,0,2,2,0,4
"2",100937,0,0,0,0,0,0,0,0,0
"3",101073,1,1,0,1,0,0,2,2,4
"4",101189,0,1,1,0,1,0,0,0,1
"5",101365,0,1,0,1,NA,NA,NA,NA,NA
"6",101435,0,1,0,0,0,0,0,0,0
"7",101453,1,1,1,0,0,2,0,0,2
"8",101541,0,1,1,0,0,2,0,0,2
"9",101675,0,1,0,0,1,0,2,0,3
"10",101693,0,0,0,0,0,0,0,0,0
"11",101912,0,0,0,0,1,0,0,0,1
"12",102049,0,0,0,0,0,0,0,0,0
"13",102058,1,1,0,1,NA,NA,NA,NA,NA
"14",102234,0,0,0,0,0,0,0,0,0
"15",102270,1,1,1,0,2,2,2,0,6
"16",102298,1,1,1,1,1,0,0,2,3
"17",102377,1,0,0,0,2,0,0,0,2
"18",102580,1,1,0,0,2,0,0,0,2
"19",102669,0,1,1,0,0,2,0,0,2
"20",103945,1,1,0,1,NA,NA,NA,NA,NA
"21",104586,0,0,1,1,NA,NA,NA,NA,NA
"22",105589,1,0,1,0,2,2,0,0,4
"23",105899,0,1,1,1,0,0,0,1,1
"24",106306,1,1,1,1,NA,NA,NA,NA,NA
"25",106342,0,1,0,0,0,0,0,0,0
"26",106713,1,1,0,0,1,0,0,0,1
"27",106810,1,1,0,0,1,0,2,1,4
"28",107044,0,0,0,0,0,0,0,0,0
"29",107080,0,0,0,0,1,0,0,0,1
"30",107141,0,0,0,0,0,0,0,0,0
"31",107512,0,0,0,0,0,0,0,0,0
"32",107558,0,1,0,0,0,0,0,0,0
"33",107600,1,1,0,1,0,0,0,1,1
"34",107877,0,1,0,0,0,0,0,0,0
"35",109651,0,0,0,0,0,0,0,0,0
"36",109785,0,0,0,0,1,0,0,0,1
"37",110060,1,1,1,1,NA,NA,NA,NA,NA
"38",110097,0,0,0,0,0,0,0,0,0
"39",110361,0,0,0,0,0,0,0,0,0
"40",110370,0,0,0,0,0,0,0,1,1
"41",110404,0,0,1,0,0,0,0,0,0
"42",110413,0,0,0,0,0,0,0,0,0
"43",110918,1,1,1,1,2,0,2,0,4
"44",111081,0,0,0,0,0,0,0,0,0
"45",111948,0,0,0,0,0,0,0,0,0
"46",111966,1,1,1,0,0,0,0,0,0
"47",112075,0,0,0,0,0,0,0,0,0
"48",112084,1,1,0,0,2,0,0,0,2
"49",112260,0,0,0,0,0,0,0,0,0
"50",112570,0,0,0,1,NA,NA,NA,NA,NA
"51",113537,0,1,1,1,NA,NA,NA,NA,NA
"52",113698,0,0,0,0,0,0,0,0,0
"53",114813,0,0,0,0,1,0,0,0,1
"54",115409,0,0,0,0,0,0,0,0,0
"55",115728,1,0,0,0,0,0,0,0,0
"56",115773,1,0,1,0,2,2,0,0,4
"57",116846,1,1,1,0,2,2,0,0,4
"58",117104,0,1,1,0,0,0,0,0,0
"59",117140,0,0,0,0,0,0,0,0,0
"60",117168,0,0,0,0,0,0,0,0,0
"61",117557,1,0,0,1,NA,NA,NA,NA,NA
"62",117575,1,1,0,0,2,0,2,0,4
"63",117627,0,0,0,0,2,0,0,0,2
"64",117751,1,0,0,0,0,0,0,0,0
"65",117946,0,0,0,0,0,0,0,0,0
"66",118541,1,1,0,0,2,0,2,0,4
"67",118693,0,0,1,0,0,0,0,0,0
"68",118888,0,0,1,0,1,2,0,0,3
"69",119173,0,0,0,0,0,0,0,0,0
"70",119605,1,1,1,0,2,0,2,0,4
"71",120184,0,0,0,0,0,0,0,0,0
"72",120254,0,0,0,0,0,0,0,0,0
"73",120403,0,0,0,0,0,0,0,0,0
"74",120537,1,0,1,0,2,0,0,0,2
"75",120838,1,0,1,1,NA,NA,NA,NA,NA
"76",120865,1,0,1,0,2,1,0,0,3
"77",120883,0,0,0,0,0,0,0,0,0
"78",121150,0,0,0,0,0,0,0,0,0
"79",121257,0,0,0,0,0,0,0,0,0
"80",121309,0,0,0,0,0,0,0,0,0
"81",121345,0,0,1,0,0,1,0,0,1
"82",121691,0,0,0,0,0,0,0,0,0
"83",122436,0,0,0,0,0,0,0,0,0
"84",122454,1,1,0,0,2,0,2,0,4
"85",122506,0,0,0,0,0,0,0,1,1
"86",122612,0,0,0,0,0,0,0,0,0
"87",122728,0,0,0,0,0,0,0,0,0
"88",122931,0,0,0,0,0,0,0,0,0
"89",123165,0,0,0,0,0,0,0,0,0
"90",123280,1,0,1,1,NA,NA,NA,NA,NA
"91",123457,1,0,0,0,2,0,0,0,2
"92",123554,0,0,0,0,0,0,0,0,0
"93",123651,0,0,0,0,0,1,0,0,1
"94",123952,0,0,0,1,NA,NA,NA,NA,NA
"95",123961,0,0,0,0,0,0,0,0,0
"96",124292,0,0,0,0,0,0,0,0,0
"97",124487,1,1,1,1,NA,NA,NA,NA,NA
"98",125727,0,0,0,0,0,0,0,0,0
"99",125763,0,0,0,1,NA,NA,NA,NA,NA
"100",125897,0,0,0,0,0,0,0,0,0
"101",126076,0,1,1,1,NA,NA,NA,NA,NA
"102",126669,0,0,0,0,0,0,0,0,0
"103",126678,0,0,0,0,0,0,0,0,0
"104",127060,0,0,0,0,0,0,0,0,0
"105",127653,1,1,0,0,2,0,0,0,2
"106",127714,1,1,1,0,2,0,0,0,2
"107",127918,0,0,1,0,0,0,0,0,0
"108",127954,0,0,1,1,NA,NA,NA,NA,NA
"109",128498,0,0,0,0,0,0,0,0,0
"110",128586,1,1,1,1,NA,NA,NA,NA,NA
"111",128744,0,1,1,0,0,0,0,0,0
"112",128902,0,0,0,0,0,0,0,0,0
"113",129154,1,1,1,0,2,2,0,0,4
"114",129242,0,0,0,0,0,0,0,0,0
"115",129525,0,0,0,0,0,0,0,0,0
"116",129534,1,1,1,1,NA,NA,NA,NA,NA
"117",129774,1,1,1,0,2,1,0,0,3
"118",129941,0,0,0,0,0,0,0,0,0
"119",130226,0,0,0,0,0,0,0,0,0
"120",130253,0,0,0,0,0,0,0,0,0
"121",130314,0,0,0,0,0,0,0,0,0
"122",130448,0,1,0,0,0,0,2,1,3
"123",130590,0,0,0,0,0,0,0,0,0
"124",130697,0,0,1,0,0,0,0,0,0
"125",130794,0,0,1,0,0,1,0,0,1
"126",130989,0,0,1,0,0,2,0,0,2
"127",131098,1,1,1,0,2,2,0,0,4
"128",131113,0,1,1,0,0,0,0,0,0
"129",131159,0,0,0,0,0,0,0,0,0
"130",131283,0,0,0,0,0,0,0,0,0
"131",131450,0,0,0,0,0,0,0,0,0
"132",131469,0,0,0,0,0,0,0,0,0
"133",131496,0,0,1,0,0,0,0,0,0
"134",131520,0,0,0,0,0,0,0,0,0
"135",131876,0,1,1,0,1,0,0,0,1
"136",132408,1,0,1,0,2,0,0,0,2
"137",132471,1,1,0,0,1,0,0,0,1
"138",132602,0,0,1,0,0,1,0,0,1
"139",132657,0,0,0,0,0,0,0,0,0
"140",132842,0,1,1,1,NA,NA,NA,NA,NA
"141",132879,1,1,1,0,2,2,2,0,6
"142",133492,0,0,0,0,0,0,0,0,0
"143",133526,0,1,1,0,0,1,0,0,1
"144",133553,0,0,1,0,0,2,0,0,2
"145",133711,0,0,0,0,0,0,0,0,0
"146",133809,0,0,0,0,0,0,0,0,0
"147",133872,0,1,0,0,0,0,0,0,0
"148",133881,0,0,0,0,0,0,0,0,0
"149",133979,0,1,0,0,1,0,2,1,4
"150",134079,0,0,0,0,0,0,0,0,0
"151",134510,0,0,0,0,0,0,0,0,0
"152",134945,0,1,0,0,0,0,0,0,0
"153",135081,1,0,0,1,NA,NA,NA,NA,NA
"154",135364,1,1,1,0,2,2,2,0,6
"155",135610,0,0,1,0,2,2,0,0,4
"156",135726,0,0,0,0,0,0,0,0,0
"157",136215,0,0,0,0,0,0,0,0,0
"158",136330,0,0,0,0,0,0,0,0,0
"159",136774,0,0,0,0,0,0,0,0,0
"160",136950,0,0,0,0,0,0,0,0,0
"161",137032,0,0,0,0,0,0,0,0,0
"162",137272,1,1,1,1,NA,NA,NA,NA,NA
"163",137476,0,1,0,0,0,0,0,0,0
"164",137546,0,0,0,0,0,0,0,0,0
"165",137564,0,0,0,0,0,0,0,0,0
"166",137777,1,1,1,1,NA,NA,NA,NA,NA
"167",137847,0,0,0,0,0,0,0,0,0
"168",137953,0,1,0,1,NA,NA,NA,NA,NA
"169",137962,0,1,0,1,0,0,2,2,4
"170",138275,0,1,0,0,0,0,0,0,0
"171",138293,0,1,0,0,0,0,2,0,2
"172",138600,0,0,0,0,0,0,0,0,0
"173",138761,0,1,0,0,2,0,2,0,4
"174",138868,0,1,1,1,0,2,2,1,5
"175",138947,0,1,0,0,0,0,0,0,0
"176",139144,0,0,0,0,0,0,0,0,0
"177",139153,1,1,0,1,NA,NA,NA,NA,NA
"178",139199,0,1,0,0,0,0,2,0,2
"179",139205,0,1,1,1,0,0,2,1,3
"180",139287,1,1,1,1,NA,NA,NA,NA,NA
"181",139393,0,0,0,0,1,0,0,0,1
"182",139630,0,1,0,1,0,0,0,2,2
"183",139658,1,0,0,0,2,0,0,0,2
"184",140234,0,1,0,0,0,0,0,0,0
"185",140252,0,1,0,1,NA,NA,NA,NA,NA
"186",140340,0,1,0,1,NA,NA,NA,NA,NA
"187",140447,0,0,0,0,0,0,0,0,0
"188",140553,0,0,0,0,0,0,0,0,0
"189",140696,0,0,0,1,0,0,0,0,0
"190",140720,1,1,1,1,2,0,2,0,4
"191",140818,0,0,0,0,0,0,2,1,3
"192",140872,0,1,1,0,0,0,0,1,1
"193",140951,0,0,0,0,0,0,0,0,0
"194",140988,1,1,0,1,2,0,2,0,4
"195",141060,0,0,0,0,0,0,0,0,0
"196",141167,1,1,0,0,2,0,2,0,4
"197",141185,0,0,0,0,0,0,0,0,0
"198",141237,0,1,0,1,0,0,0,2,2
"199",141325,0,0,1,0,0,0,0,0,0
"200",141361,0,1,0,0,1,0,0,1,2
"201",141486,1,0,0,0,2,0,0,0,2
"202",141644,0,0,0,0,0,0,0,0,0
"203",142090,1,1,0,0,2,0,0,0,2
"204",142294,0,0,0,0,0,0,0,0,0
"205",142461,0,0,0,0,0,0,0,0,0
"206",142522,0,0,1,0,0,2,0,0,2
"207",142887,1,0,1,1,NA,NA,NA,NA,NA
"208",143048,0,0,0,1,NA,NA,NA,NA,NA
"209",143084,0,0,0,0,0,0,0,0,0
"210",143118,0,0,0,0,0,0,0,1,1
"211",143288,0,1,0,0,0,0,0,0,0
"212",143358,0,0,0,0,0,0,0,0,0
"213",144050,0,0,0,0,0,0,0,0,0
"214",144281,1,0,0,0,2,0,0,0,2
"215",144351,0,1,0,0,0,0,0,0,0
"216",144740,0,0,0,0,0,0,0,0,0
"217",144883,1,1,1,1,NA,NA,NA,NA,NA
"218",144962,1,0,1,0,1,0,0,0,1
"219",144971,0,1,0,0,1,0,0,0,1
"220",145372,1,0,0,0,2,0,0,0,2
"221",145497,1,1,0,1,NA,NA,NA,NA,NA
"222",145619,0,0,0,1,2,0,0,0,2
"223",145646,0,0,0,0,1,0,0,0,1
"224",145691,0,0,0,0,0,0,0,0,0
"225",145725,0,0,0,0,0,0,0,0,0
"226",146339,0,0,0,0,0,0,0,0,0
"227",146427,0,0,0,0,0,0,0,0,0
"228",146481,0,0,0,0,1,0,0,0,1
"229",146612,0,0,0,1,NA,NA,NA,NA,NA
"230",146667,1,0,0,0,2,0,0,0,2
"231",146676,1,1,1,0,2,2,2,0,6
"232",146719,0,0,0,0,0,0,0,0,0
"233",146755,1,0,1,1,NA,NA,NA,NA,NA
"234",146825,0,0,0,0,0,0,0,0,0
"235",147013,0,0,0,0,0,0,0,0,0
"236",147129,1,0,0,1,NA,NA,NA,NA,NA
"237",147244,0,0,0,0,0,0,0,0,0
"238",147341,1,0,0,0,2,0,0,0,2
"239",147369,1,0,0,0,2,0,0,0,2
"240",147536,0,1,0,0,0,0,0,0,0
"241",147660,0,0,0,0,0,0,0,0,0
"242",147679,0,0,1,0,0,0,0,0,0
"243",147767,0,0,0,0,0,0,0,0,0
"244",147828,0,0,0,0,0,0,0,0,0
"245",148016,1,0,0,0,2,1,0,0,3
"246",148131,0,0,0,0,0,0,0,0,0
"247",148335,1,1,0,0,2,0,2,1,5
"248",148405,1,1,0,0,0,0,0,0,0
"249",148487,1,1,1,0,2,1,0,0,3
"250",148496,0,0,0,0,0,0,0,0,0
"251",148584,0,0,0,0,0,0,0,0,0
"252",148627,0,0,1,0,0,2,0,0,2
"253",148876,1,1,0,1,2,0,2,2,6
"254",149028,0,0,0,0,NA,NA,NA,NA,NA
"255",149329,0,0,1,1,NA,NA,NA,NA,NA
"256",149505,1,0,0,0,2,0,0,0,2
"257",149514,0,1,0,0,0,0,2,0,2
"258",149639,1,0,1,1,NA,NA,NA,NA,NA
"259",149781,0,0,0,0,0,0,0,0,0
"260",150066,1,0,0,0,2,0,0,0,2
"261",150145,0,0,0,0,0,0,0,0,0
"262",150163,0,0,0,0,0,0,0,0,0
"263",150172,0,1,0,0,1,0,2,0,3
"264",150400,0,0,0,0,0,0,0,0,0
"265",150455,0,0,0,0,0,0,0,0,0
"266",150534,0,0,0,0,2,0,0,0,2
"267",150604,0,0,0,0,0,0,0,0,0
"268",150668,0,0,1,0,0,1,0,0,1
"269",150677,0,0,0,0,0,0,0,0,0
"270",150756,0,0,0,0,0,0,0,0,0
"271",150774,0,1,1,1,0,0,2,0,2
"272",150941,0,0,0,0,0,0,0,0,0
"273",151263,0,0,0,0,0,0,0,0,0
"274",151290,0,1,1,0,0,1,0,0,1
"275",151777,0,1,0,0,0,0,2,0,2
"276",151786,0,0,0,0,0,0,0,0,0
"277",151801,1,0,1,0,2,2,0,0,4
"278",151810,1,1,1,1,NA,NA,NA,NA,NA
"279",151962,0,0,0,1,NA,NA,NA,NA,NA
"280",152080,0,0,0,0,0,0,0,0,0
"281",152099,0,1,0,0,0,0,0,0,0
"282",152318,0,0,0,0,0,0,0,0,0
"283",152336,0,0,1,0,0,1,0,0,1
"284",152381,0,0,1,0,0,2,0,0,2
"285",152390,0,0,1,0,0,1,0,0,1
"286",152530,0,0,0,0,0,0,0,0,0
"287",152567,0,0,0,0,0,0,0,0,0
"288",152600,0,0,0,0,0,0,0,0,0
"289",152673,1,0,1,0,1,0,0,0,1
"290",152798,0,0,0,0,NA,NA,NA,NA,NA
"291",152992,1,1,0,0,2,0,0,0,2
"292",153001,0,0,0,0,0,0,0,0,0
"293",153108,1,0,0,0,2,0,0,0,2
"294",153126,0,0,0,0,0,0,0,0,0
"295",153144,0,0,0,0,0,0,0,0,0
"296",153162,1,0,0,0,1,0,0,0,1
"297",153241,1,0,1,0,2,0,0,0,2
"298",153250,0,0,0,0,0,0,0,0,0
"299",153269,0,0,0,0,0,0,0,0,0
"300",153278,0,0,0,0,0,0,0,0,0
"301",153302,1,1,1,0,1,0,0,1,2
"302",153320,0,0,1,0,0,1,0,0,1
"303",153366,0,1,0,0,0,0,0,0,0
"304",153375,1,0,0,0,0,0,0,0,0
"305",153384,0,0,0,0,0,0,0,0,0
"306",153621,0,1,1,0,0,0,0,0,0
"307",153825,0,0,1,0,0,2,0,0,2
"308",153834,0,0,0,0,1,0,0,0,1
"309",153861,1,0,0,0,2,0,2,1,5
"310",153977,1,1,0,0,2,0,0,0,2
"311",154004,0,0,0,0,0,0,0,0,0
"312",154013,0,0,1,0,0,2,0,0,2
"313",154101,0,0,0,0,1,0,0,0,1
"314",154174,0,0,0,0,NA,NA,NA,NA,NA
"315",154235,0,0,0,0,1,0,0,0,1
"316",154262,0,0,0,1,NA,NA,NA,NA,NA
"317",154350,0,0,0,0,1,0,0,0,1
"318",154493,0,1,0,0,0,0,0,0,0
"319",154527,0,0,0,0,1,0,0,0,1
"320",154590,0,1,0,0,0,0,2,0,2
"321",154688,0,0,1,0,0,0,0,0,0
"322",154712,0,0,0,0,0,0,0,0,0
"323",154721,0,1,0,1,0,0,2,2,4
"324",154749,0,1,0,0,0,0,2,0,2
"325",154855,0,1,1,1,0,2,2,2,6
"326",155007,1,1,1,0,2,1,0,0,3
"327",155070,0,1,0,0,0,0,2,0,2
"328",155089,1,0,0,0,2,0,0,0,2
"329",155177,1,0,0,0,2,0,0,0,2
"330",155335,0,0,1,0,0,2,0,0,2
"331",155414,0,1,0,0,0,0,0,0,0
"332",155496,0,1,1,0,0,0,2,0,2
"333",155511,0,1,0,0,0,0,0,0,0
"334",155520,0,0,0,0,0,0,0,0,0
"335",155627,0,1,0,0,0,0,0,0,0
"336",155812,0,1,1,0,0,0,0,1,1
"337",155900,1,1,0,0,0,0,0,0,0
"338",155937,0,1,0,0,0,0,2,0,2
"339",155973,0,1,0,0,0,0,0,0,0
"340",156189,0,1,0,0,0,0,0,0,0
"341",156213,0,0,0,0,0,0,0,0,0
"342",156286,0,0,0,0,0,0,0,0,0
"343",156295,0,0,1,0,0,2,0,1,3
"344",156356,0,1,1,0,0,0,0,0,0
"345",156365,0,1,0,0,0,0,0,0,0
"346",156408,0,0,0,0,0,0,0,0,0
"347",156417,1,1,1,0,1,0,2,0,3
"348",156541,0,1,0,0,0,0,0,1,1
"349",156745,1,0,0,0,1,0,0,0,1
"350",157030,0,1,0,0,0,0,0,0,0
"351",157076,0,1,0,0,0,0,0,0,0
"352",157100,1,1,0,0,2,0,0,0,2
"353",157216,0,1,1,0,0,0,0,0,0
"354",157377,1,0,0,0,0,0,0,0,0
"355",157535,1,1,1,1,2,0,0,1,3
"356",157748,0,0,0,0,0,0,0,0,0
"357",157757,0,0,1,0,0,0,0,0,0
"358",157809,0,0,0,0,0,1,0,0,1
"359",157818,0,0,0,0,0,0,0,0,0
"360",157863,0,1,0,0,0,0,0,0,0
"361",158477,1,0,0,0,2,0,0,0,2
"362",158802,0,0,0,0,0,0,0,0,0
"363",159568,1,1,0,0,2,0,2,0,4
"364",159656,1,0,0,0,1,0,0,0,1
"365",159948,0,1,0,0,1,0,0,0,1
"366",160065,0,0,1,0,0,2,0,0,2
"367",160074,0,1,0,0,1,0,0,0,1
"368",160409,0,0,0,1,NA,NA,NA,NA,NA
"369",160755,0,0,0,0,0,0,0,0,0
"370",160904,0,0,1,0,0,1,0,0,1
"371",160959,0,0,0,0,0,0,0,0,0
"372",160977,0,0,0,0,0,0,0,0,0
"373",161004,0,0,1,0,0,0,0,0,0
"374",161022,1,1,1,0,0,0,0,0,0
"375",161086,0,0,0,0,0,0,0,0,0
"376",161457,0,0,0,0,0,0,0,0,0
"377",161509,0,0,0,0,0,0,0,0,0
"378",161518,1,0,0,0,2,0,0,0,2
"379",161563,0,0,0,0,0,0,0,0,0
"380",161572,0,0,0,0,0,0,0,0,0
"381",162061,0,0,1,0,0,0,0,0,0
"382",162210,1,0,0,1,2,0,0,1,3
"383",162654,0,0,0,0,0,0,0,0,0
"384",162760,1,0,0,0,2,0,0,0,2
"385",162928,0,0,1,0,0,0,0,0,0
"386",163046,0,0,0,0,0,0,0,0,0
"387",163295,0,0,0,0,1,0,0,0,1
"388",163462,1,0,0,0,0,0,0,0,0
"389",163532,1,0,1,1,NA,NA,NA,NA,NA
"390",163578,1,0,0,0,0,0,0,0,0
"391",163976,1,0,0,0,1,0,0,0,1
"392",164173,1,0,0,0,2,0,0,0,2
"393",164216,0,0,0,0,1,0,0,0,1
"394",164270,0,0,0,0,0,0,0,0,0
"395",164447,0,1,1,0,0,0,0,0,0
"396",164465,0,0,1,0,0,0,0,0,0
"397",164492,0,1,0,0,0,0,0,0,0
"398",164562,0,0,0,0,0,0,0,0,0
"399",164580,0,0,1,0,0,0,0,0,0
"400",164614,1,1,0,1,NA,NA,NA,NA,NA
"401",164632,0,0,1,0,0,1,0,0,1
"402",164720,0,0,0,0,1,0,0,0,1
"403",164739,0,0,0,0,0,0,0,0,0
"404",164748,0,0,0,0,0,0,0,0,0
"405",164872,1,1,0,0,0,0,0,0,0
"406",164924,0,0,0,0,0,0,0,0,0
"407",164988,0,0,0,0,1,0,0,0,1
"408",165015,0,0,0,0,0,0,0,0,0
"409",165167,1,1,1,0,2,0,0,0,2
"410",165334,0,0,0,0,0,0,0,0,0
"411",165529,0,0,0,0,0,0,0,0,0
"412",165574,1,1,0,0,2,0,0,0,2
"413",165644,0,0,1,0,2,1,0,0,3
"414",165662,0,0,0,0,0,0,0,0,0
"415",165671,0,0,0,0,0,0,0,0,0
"416",165699,0,0,0,0,0,0,0,0,0
"417",165802,1,1,0,1,NA,NA,NA,NA,NA
"418",165936,0,0,0,0,0,0,0,0,0
"419",166018,0,0,0,0,1,0,0,0,1
"420",166027,0,0,1,0,0,1,0,0,1
"421",166054,1,1,0,0,2,0,0,1,3
"422",166124,0,0,0,0,0,0,0,0,0
"423",166391,0,0,1,0,0,0,0,0,0
"424",166452,0,0,0,0,0,0,0,0,0
"425",166489,0,1,0,0,0,0,0,0,0
"426",166656,0,0,0,0,0,0,0,0,0
"427",166683,0,0,0,0,0,0,0,0,0
"428",166850,0,0,0,0,0,0,0,0,0
"429",166911,1,0,0,0,2,0,0,0,2
"430",166939,0,0,0,0,0,0,0,0,0
"431",167057,0,0,0,0,0,0,0,0,0
"432",167251,1,1,1,0,2,2,2,1,7
"433",167260,0,1,0,1,0,0,0,1,1
"434",167358,0,0,1,0,0,1,0,0,1
"435",167394,0,0,0,0,2,0,0,1,3
"436",167455,0,1,1,0,0,0,0,0,0
"437",167598,0,0,0,0,0,0,0,0,0
"438",167677,0,0,0,0,NA,NA,NA,NA,NA
"439",167783,0,0,1,0,0,2,0,0,2
"440",167792,0,0,0,1,0,0,0,2,2
"441",167835,0,0,0,0,0,0,0,0,0
"442",167899,0,0,1,0,0,0,0,0,0
"443",167996,0,0,1,0,0,0,0,0,0
"444",168005,0,0,0,0,0,0,0,0,0
"445",168148,0,0,0,0,0,0,0,0,0
"446",168218,0,0,0,0,0,0,0,0,0
"447",168227,0,0,0,0,0,0,0,0,0
"448",168254,0,0,0,0,0,0,0,0,0
"449",168281,0,0,0,0,0,0,0,0,0
"450",168290,1,0,0,0,2,0,0,0,2
"451",168342,0,0,0,0,0,0,0,0,0
"452",168421,0,0,0,0,0,0,0,0,0
"453",168528,0,1,0,0,0,0,0,0,0
"454",168546,0,0,1,0,0,2,0,0,2
"455",168591,0,0,0,0,0,0,0,0,0
"456",168740,1,0,0,0,2,0,0,0,2
"457",168786,0,0,0,0,2,0,0,0,2
"458",168847,1,1,0,0,0,0,2,0,2
"459",169080,0,0,0,0,1,0,0,0,1
"460",169327,0,1,1,0,0,2,0,0,2
"461",169363,0,1,0,1,0,0,0,1,1
"462",169442,0,0,0,0,0,0,0,0,0
"463",169479,0,0,1,0,0,0,0,0,0
"464",169716,0,0,0,1,NA,NA,NA,NA,NA
"465",169983,0,0,0,0,0,0,0,0,0
"466",170000,0,1,1,1,NA,NA,NA,NA,NA
"467",170037,0,0,0,0,2,0,0,0,2
"468",170091,1,1,1,0,2,2,0,0,4
"469",170301,0,0,0,0,1,0,0,0,1
"470",170532,0,0,1,0,0,0,0,0,0
"471",170675,0,0,0,0,0,0,0,0,0
"472",170806,0,0,1,0,0,0,0,0,0
"473",170842,1,1,0,0,2,0,2,0,4
"474",170967,0,1,1,0,0,0,0,0,0
"475",171492,0,0,1,0,1,0,0,0,1
"476",171599,0,1,0,0,0,0,0,0,0
"477",171881,1,1,1,1,2,1,0,1,4
"478",172033,1,0,1,0,0,0,2,0,2
"479",172264,0,0,0,0,0,0,0,0,0
"480",172334,1,0,0,0,2,0,0,0,2
"481",172440,1,1,0,0,1,0,0,0,1
"482",173045,0,0,0,0,0,0,0,0,0
"483",173142,0,0,0,0,0,0,0,0,0
"484",173160,0,0,0,0,1,0,0,0,1
"485",173258,0,0,0,0,0,0,0,0,0
"486",173300,1,0,0,0,2,0,0,0,2
"487",173328,0,0,1,0,0,1,0,0,1
"488",173452,0,0,0,0,0,0,0,0,0
"489",173647,0,0,0,0,1,0,0,0,1
"490",173665,0,0,0,0,0,0,0,0,0
"491",173902,0,0,0,0,0,0,0,0,0
"492",174127,0,0,1,0,0,1,0,0,1
"493",174154,1,1,1,1,NA,NA,NA,NA,NA
"494",174437,0,0,0,0,2,0,0,0,2
"495",174491,0,0,0,0,1,0,0,0,1
"496",174507,0,0,0,0,2,0,2,0,4
"497",174525,0,1,1,0,1,0,2,0,3
"498",174747,0,0,0,0,0,0,0,0,0
"499",174792,0,0,0,0,1,0,0,0,1
"500",174817,1,0,0,0,2,0,0,0,2
"501",174844,0,0,0,0,0,0,0,0,0
"502",174862,0,0,0,0,0,0,0,0,0
"503",174899,0,0,1,0,1,0,0,0,1
"504",174914,0,0,0,0,0,0,0,0,0
"505",175005,0,0,1,0,1,2,0,0,3
"506",175227,0,1,1,0,0,2,0,0,2
"507",175421,1,0,1,0,2,2,0,0,4
"508",175430,0,0,1,0,0,0,0,0,0
"509",175980,0,0,0,0,0,0,0,0,0
"510",176053,0,0,0,0,0,0,0,0,0
"511",176318,0,1,0,0,0,0,0,0,0
"512",176336,0,0,1,1,NA,NA,NA,NA,NA
"513",176406,1,0,0,0,2,0,0,0,2
"514",176479,0,0,0,0,0,0,0,0,0
"515",176628,0,0,0,0,0,0,0,0,0
"516",176664,1,1,0,0,2,0,0,0,2
"517",176770,1,1,1,1,NA,NA,NA,NA,NA
"518",176789,0,1,0,1,NA,NA,NA,NA,NA
"519",176910,0,1,1,0,1,2,2,0,5
"520",176947,0,1,0,0,0,0,0,0,0
"521",177038,1,1,1,0,1,2,0,0,3
"522",177065,1,1,1,0,2,0,0,0,2
"523",177083,1,1,0,0,2,0,2,0,4
"524",177117,1,0,0,0,2,0,0,0,2
"525",177144,0,0,0,0,0,0,0,0,0
"526",177214,1,0,1,0,2,1,0,0,3
"527",177339,0,0,1,0,0,2,0,0,2
"528",177418,0,0,0,0,0,0,0,0,0
"529",177542,0,1,0,0,1,0,2,0,3
"530",177746,1,0,0,0,2,0,0,0,2
"531",177816,0,0,1,1,0,2,0,1,3
"532",177968,0,0,1,0,0,2,0,0,2
"533",177986,0,0,0,0,NA,NA,NA,NA,NA
"534",178059,0,0,0,0,0,0,0,0,0
"535",178208,0,1,1,1,0,0,2,1,3
"536",178244,0,1,1,0,0,1,0,0,1
"537",178369,0,1,0,0,0,0,2,0,2
"538",178679,1,0,0,0,2,0,0,0,2
"539",178697,0,0,0,0,0,0,0,0,0
"540",178721,0,1,1,0,0,0,2,0,2
"541",178891,1,1,1,0,2,2,0,0,4
"542",179043,0,0,0,0,0,0,0,0,0
"543",179159,0,0,1,0,1,1,0,0,2
"544",179256,1,1,0,1,NA,NA,NA,NA,NA
"545",179265,1,0,0,0,2,0,0,0,2
"546",179326,0,0,0,0,1,0,0,0,1
"547",179548,1,1,1,0,1,1,0,0,2
"548",179867,0,0,1,0,0,2,0,0,2
"549",179894,0,0,1,0,0,0,0,0,0
"550",179946,1,0,0,0,2,0,0,0,2
"551",179955,1,0,1,0,2,0,0,0,2
"552",179964,0,0,0,0,0,0,0,0,0
"553",180106,0,0,0,0,1,0,0,0,1
"554",180258,1,1,1,0,2,2,0,0,4
"555",180595,0,0,0,0,0,0,0,0,0
"556",180647,1,1,1,0,0,2,0,0,2
"557",180814,1,1,0,0,2,0,0,0,2
"558",180832,0,0,1,0,0,0,0,0,0
"559",180878,0,0,1,1,NA,NA,NA,NA,NA
"560",180984,0,0,0,0,0,0,0,0,0
"561",181002,0,0,0,0,0,0,0,0,0
"562",181020,0,0,0,0,0,0,0,0,0
"563",181127,0,0,0,0,0,0,0,0,0
"564",181297,0,0,0,1,0,0,0,1,1
"565",181330,0,1,0,1,0,0,0,0,0
"566",181376,1,1,0,0,2,0,0,0,2
"567",181446,0,0,0,0,0,0,0,0,0
"568",181543,0,1,1,1,NA,NA,NA,NA,NA
"569",181604,0,0,1,0,0,2,0,0,2
"570",181738,0,0,0,0,0,0,0,0,0
"571",181853,1,1,1,0,0,2,2,0,4
"572",182458,1,1,0,0,1,0,0,0,1
"573",182634,1,0,1,0,2,0,0,0,2
"574",182670,0,0,0,0,0,0,0,0,0
"575",182795,0,1,0,0,0,0,0,0,0
"576",182917,0,0,1,1,NA,NA,NA,NA,NA
"577",182980,0,1,0,0,0,0,2,0,2
"578",183026,0,1,0,1,0,0,2,2,4
"579",183211,0,0,0,0,0,0,0,0,0
"580",183239,0,0,0,0,0,0,0,0,0
"581",183275,1,0,0,0,2,0,0,0,2
"582",183822,0,0,0,0,0,0,0,0,0
"583",183910,0,0,0,0,0,0,0,0,0
"584",183974,1,0,1,1,NA,NA,NA,NA,NA
"585",184348,1,0,1,0,1,1,0,1,3
"586",184603,0,0,1,0,1,2,0,0,3
"587",184612,1,0,1,0,0,2,0,0,2
"588",184694,0,0,1,1,NA,NA,NA,NA,NA
"589",184773,1,0,1,0,0,0,0,0,0
"590",185572,0,0,0,0,0,0,0,0,0
"591",186131,0,0,1,0,0,2,0,0,2
"592",186186,0,1,0,1,NA,NA,NA,NA,NA
"593",186283,0,0,0,0,0,0,0,0,0
"594",186432,0,0,1,0,0,2,0,0,2
"595",186584,0,0,1,0,0,0,0,0,0
"596",186618,1,1,0,0,0,0,0,0,0
"597",186867,0,0,0,0,0,0,0,0,0
"598",186900,1,1,1,1,NA,NA,NA,NA,NA
"599",188182,1,1,0,0,0,0,2,0,2
"600",188340,0,0,1,0,0,0,0,0,0
"601",188429,0,0,1,0,0,0,0,0,0
"602",188526,0,0,0,0,2,0,0,0,2
"603",188641,1,0,1,0,2,2,0,0,4
"604",188854,0,0,0,1,NA,NA,NA,NA,NA
"605",188942,0,1,1,1,NA,NA,NA,NA,NA
"606",189088,0,0,0,1,0,0,0,1,1
"607",189097,0,0,0,0,0,0,0,0,0
"608",189264,1,1,1,1,NA,NA,NA,NA,NA
"609",189273,1,1,1,1,NA,NA,NA,NA,NA
"610",189282,0,0,1,0,0,2,0,2,4
"611",189413,1,1,1,0,2,2,0,0,4
"612",189705,1,0,0,1,NA,NA,NA,NA,NA
"613",189848,1,0,1,0,2,2,0,1,5
"614",189857,1,0,1,1,NA,NA,NA,NA,NA
"615",190044,0,0,0,0,0,0,0,0,0
"616",190099,0,0,0,0,0,0,0,0,0
"617",190114,1,1,1,0,2,0,2,0,4
"618",190150,0,0,0,0,0,0,0,0,0
"619",190248,0,0,1,0,0,2,0,1,3
"620",190372,0,0,0,0,0,0,0,0,0
"621",190415,0,0,0,0,0,0,0,0,0
"622",190503,0,0,0,0,1,1,0,0,2
"623",190716,0,0,0,0,0,0,0,0,0
"624",190725,0,0,0,0,1,0,0,0,1
"625",190761,1,0,1,0,2,2,0,0,4
"626",190983,1,0,1,0,2,0,0,0,2
"627",191241,0,0,0,0,0,0,0,0,0
"628",191515,0,0,0,0,0,0,0,0,0
"629",191533,1,0,0,0,2,0,0,0,2
"630",191597,0,0,0,0,NA,NA,NA,NA,NA
"631",191621,1,0,0,0,1,0,0,0,1
"632",191630,0,0,0,0,0,0,0,0,0
"633",191649,0,0,0,0,0,0,0,0,0
"634",191676,0,0,0,0,0,0,0,0,0
"635",191931,0,0,0,0,0,0,0,0,0
"636",191968,0,0,0,0,0,0,0,0,0
"637",192040,1,0,0,0,1,0,0,0,1
"638",192110,0,0,0,0,0,0,0,0,0
"639",192165,0,0,0,1,NA,NA,NA,NA,NA
"640",192192,0,0,0,0,0,0,0,0,0
"641",192323,0,0,0,0,0,0,0,0,0
"642",192439,1,1,0,1,NA,NA,NA,NA,NA
"643",192448,1,0,0,1,NA,NA,NA,NA,NA
"644",192624,0,0,0,1,NA,NA,NA,NA,NA
"645",192703,0,0,0,0,0,0,0,0,0
"646",192712,0,0,0,0,0,0,0,0,0
"647",192749,1,0,0,0,2,0,0,0,2
"648",192785,0,0,1,1,NA,NA,NA,NA,NA
"649",192819,0,0,0,0,0,0,0,0,0
"650",192864,0,0,0,0,0,0,0,0,0
"651",192925,0,1,1,0,1,2,0,0,3
"652",193016,1,0,0,0,1,0,0,0,1
"653",193052,1,0,1,1,2,2,2,2,8
"654",193061,1,0,1,1,NA,NA,NA,NA,NA
"655",193070,0,0,1,1,NA,NA,NA,NA,NA
"656",193247,1,0,0,1,NA,NA,NA,NA,NA
"657",193292,0,0,0,0,0,0,0,0,0
"658",193353,0,0,0,1,1,0,0,1,2
"659",193399,0,0,1,0,0,0,0,0,0
"660",193584,0,0,0,0,0,0,0,0,0
"661",193645,1,1,0,1,2,0,0,2,4
"662",193654,0,0,0,0,0,0,0,0,0
"663",193900,0,0,1,0,0,0,0,0,0
"664",193973,0,0,0,0,1,0,0,0,1
"665",194091,0,0,0,0,0,0,0,0,0
"666",194116,0,0,0,0,0,0,0,0,0
"667",194161,1,0,0,0,2,0,0,0,2
"668",194189,1,0,1,1,NA,NA,NA,NA,NA
"669",194310,0,0,0,0,0,0,0,0,0
"670",194392,1,0,1,0,2,0,0,0,2
"671",194569,1,0,1,0,2,0,0,0,2
"672",194578,0,0,0,0,0,0,0,0,0
"673",194657,1,0,1,1,NA,NA,NA,NA,NA
"674",194666,0,0,1,1,NA,NA,NA,NA,NA
"675",194693,1,1,0,1,NA,NA,NA,NA,NA
"676",194736,1,0,0,1,NA,NA,NA,NA,NA
"677",194763,1,1,0,0,1,0,2,0,3
"678",194824,0,0,0,0,0,0,0,0,0
"679",194958,0,0,1,0,0,0,0,0,0
"680",195003,0,0,0,0,0,0,0,0,0
"681",195030,0,0,0,0,0,0,0,0,0
"682",195128,1,0,0,0,0,0,0,0,0
"683",195164,0,0,0,0,0,0,0,0,0
"684",195173,0,0,0,0,0,0,0,0,0
"685",195216,0,0,0,0,0,0,0,0,0
"686",195234,0,0,1,0,0,1,0,0,1
"687",195243,0,0,1,0,1,2,0,0,3
"688",195304,0,0,0,0,0,0,0,0,0
"689",195438,1,1,1,1,NA,NA,NA,NA,NA
"690",195474,0,0,1,0,0,0,0,0,0
"691",195526,0,0,0,0,0,0,0,0,0
"692",195544,1,0,0,1,2,0,0,1,3
"693",195720,0,0,0,0,0,0,0,0,0
"694",195809,0,0,0,0,0,1,0,0,1
"695",196413,0,0,0,0,0,0,0,0,0
"696",196431,1,0,1,1,NA,NA,NA,NA,NA
"697",196440,1,1,1,1,NA,NA,NA,NA,NA
"698",196583,1,1,1,1,NA,NA,NA,NA,NA
"699",196592,1,0,0,0,2,0,0,0,2
"700",196866,0,0,0,0,0,0,0,0,0
"701",197018,0,0,1,1,NA,NA,NA,NA,NA
"702",197045,0,0,1,0,0,1,0,0,1
"703",197133,0,0,0,0,0,0,0,0,0
"704",197142,0,1,1,0,0,2,0,0,2
"705",197197,0,0,0,0,0,0,0,0,0
"706",197221,0,0,0,0,0,0,0,0,0
"707",197230,0,0,1,0,0,1,0,0,1
"708",197601,0,1,1,1,NA,NA,NA,NA,NA
"709",197647,1,0,1,1,NA,NA,NA,NA,NA
"710",197674,1,0,1,1,NA,NA,NA,NA,NA
"711",197692,0,0,1,1,NA,NA,NA,NA,NA
"712",197708,1,0,0,0,2,0,0,0,2
"713",197735,0,0,0,1,0,0,0,2,2
"714",197744,1,0,1,1,NA,NA,NA,NA,NA
"715",197911,0,0,0,0,0,0,0,0,0
"716",197984,0,1,0,0,0,0,0,0,0
"717",197993,0,1,0,0,0,0,2,0,2
"718",198066,0,1,0,0,0,0,2,0,2
"719",198109,0,0,0,1,NA,NA,NA,NA,NA
"720",198136,0,0,0,0,0,0,0,1,1
"721",198215,0,0,0,0,0,0,0,0,0
"722",198303,0,1,0,0,1,0,0,0,1
"723",198385,0,0,1,0,0,0,0,0,0
"724",198419,0,0,1,0,0,2,0,0,2
"725",198516,0,0,0,0,0,0,0,0,0
"726",198561,0,0,0,0,1,0,0,0,1
"727",198598,0,1,0,0,0,0,0,0,0
"728",198613,0,0,0,0,0,0,0,0,0
"729",198677,1,1,1,0,2,0,0,0,2
"730",198695,0,0,0,0,0,0,0,0,0
"731",198747,0,1,1,0,0,0,2,0,2
"732",198756,1,0,0,0,0,0,0,0,0
"733",198808,0,1,0,0,0,0,0,0,0
"734",198835,0,1,0,0,0,0,0,0,0
"735",198862,0,1,0,1,0,0,2,0,2
"736",198899,0,1,1,0,2,2,0,0,4
"737",198950,0,0,0,0,0,0,0,0,0
"738",198969,0,1,1,0,1,0,2,0,3
"739",199032,0,1,0,0,0,0,0,0,0
"740",199069,0,1,1,0,0,2,0,0,2
"741",199209,0,1,1,0,0,2,0,1,3
"742",199272,0,1,1,0,0,0,0,1,1
"743",199306,0,1,1,0,0,0,0,0,0
"744",199412,1,0,0,0,0,0,0,0,0
"745",199458,0,1,1,0,0,2,0,0,2
"746",199582,1,1,1,0,2,0,2,0,4
"747",199607,0,0,0,0,2,0,0,0,2
"748",199643,1,1,0,0,1,0,2,0,3
"749",199698,0,1,0,1,0,0,2,2,4
"750",199847,0,0,1,0,0,2,0,0,2
"751",199865,0,1,1,0,1,0,0,0,1
"752",199962,0,0,0,0,0,0,0,0,0
"753",199971,1,1,1,1,2,2,2,0,6
"754",200156,0,1,0,0,0,0,0,0,0
"755",200217,0,0,0,0,0,0,0,0,0
"756",200484,0,1,1,0,0,0,0,0,0
"757",200527,0,1,1,0,0,0,0,0,0
"758",200554,0,1,0,0,0,0,0,0,0
"759",200785,1,1,0,1,NA,NA,NA,NA,NA
"760",200873,0,1,1,1,0,0,0,0,0
"761",201061,1,1,0,1,1,0,2,2,5
"762",201104,0,0,1,0,0,2,0,0,2
"763",201177,0,0,0,1,NA,NA,NA,NA,NA
"764",201195,0,0,0,0,0,0,0,0,0
"765",201371,0,0,0,0,2,0,0,0,2
"766",201548,0,0,0,0,0,0,0,0,0
"767",201645,0,0,0,0,0,0,0,0,0
"768",201654,0,0,0,0,0,0,0,0,0
"769",201821,0,0,0,1,NA,NA,NA,NA,NA
"770",201858,0,1,0,0,0,0,2,0,2
"771",201964,0,1,1,0,0,2,0,0,2
"772",202046,0,0,1,0,0,0,0,0,0
"773",202073,0,0,1,0,0,0,0,0,0
"774",202170,0,0,0,0,1,0,0,0,1
"775",202480,0,0,0,0,0,0,0,0,0
"776",202514,1,1,0,0,2,0,0,0,2
"777",202523,0,0,0,0,0,0,0,0,0
"778",202763,0,0,0,0,0,0,0,0,0
"779",202806,1,1,0,0,2,0,2,0,4
"780",202903,1,0,0,1,NA,NA,NA,NA,NA
"781",202912,0,0,0,0,NA,NA,NA,NA,NA
"782",203085,0,1,0,0,0,0,0,0,0
"783",203128,1,0,0,0,2,0,0,0,2
"784",203368,0,0,0,0,0,0,0,0,0
"785",203535,0,0,1,0,0,0,0,0,0
"786",203544,1,1,1,1,NA,NA,NA,NA,NA
"787",203580,0,1,1,0,0,0,0,0,0
"788",203757,1,1,0,0,1,0,0,0,1
"789",203775,0,0,0,0,1,0,0,0,1
"790",203845,1,0,0,0,2,0,0,0,2
"791",203960,0,1,1,0,0,0,0,0,0
"792",204176,0,0,1,1,NA,NA,NA,NA,NA
"793",204185,0,0,0,0,0,0,0,0,0
"794",204194,0,0,0,0,0,0,0,0,0
"795",204200,0,0,1,0,0,0,0,0,0
"796",204264,0,0,0,0,1,0,0,0,1
"797",204468,1,1,1,0,2,0,0,0,2
"798",204486,1,1,1,1,NA,NA,NA,NA,NA
"799",204501,0,0,0,0,0,0,0,0,0
"800",204617,1,1,0,0,2,0,0,0,2
"801",204635,0,0,1,0,0,1,0,0,1
"802",204909,0,0,0,0,1,0,0,0,1
"803",204936,0,0,0,0,0,0,0,0,0
"804",205027,0,0,0,0,0,0,0,0,0
"805",205124,0,0,0,1,0,0,0,2,2
"806",205203,0,1,0,0,1,0,2,0,3
"807",205957,0,0,0,0,0,0,0,0,0
"808",206048,1,1,1,0,2,2,0,0,4
"809",206154,1,0,1,1,NA,NA,NA,NA,NA
"810",206279,1,1,0,0,2,0,0,0,2
"811",206330,1,1,0,1,NA,NA,NA,NA,NA
"812",206349,0,0,1,0,0,0,0,0,0
"813",206437,0,0,0,0,1,0,0,0,1
"814",206491,1,1,1,0,0,2,2,1,5
"815",206507,0,0,0,0,0,0,0,0,0
"816",206525,0,0,1,0,0,2,0,0,2
"817",206589,0,0,0,0,0,0,0,0,0
"818",206622,0,0,0,0,0,0,0,0,0
"819",206817,1,1,0,0,1,0,2,0,3
"820",206835,0,1,0,0,0,0,2,0,2
"821",206862,0,1,1,0,0,2,0,0,2
"822",207157,0,1,0,0,0,0,2,0,2
"823",207324,0,0,0,0,0,0,0,0,0
"824",207403,0,0,0,0,0,0,0,0,0
"825",207458,0,0,0,0,0,0,0,0,0
"826",207582,0,0,1,0,0,0,0,0,0
"827",207856,1,1,1,1,2,2,2,2,8
"828",207971,0,0,0,0,0,0,0,0,0
"829",208488,0,0,0,1,0,0,0,2,2
"830",208725,1,1,0,0,2,0,0,0,2
"831",208822,0,0,0,0,0,0,0,0,0
"832",209056,0,0,0,0,0,0,0,0,0
"833",209065,0,0,0,0,2,0,0,0,2
"834",209108,1,1,0,0,2,0,2,0,4
"835",209241,1,0,0,1,NA,NA,NA,NA,NA
"836",209287,1,1,0,0,0,0,0,0,0
"837",209409,0,1,0,0,0,0,0,1,1
"838",209533,1,1,0,1,2,0,2,2,6
"839",209603,0,1,0,0,0,0,0,1,1
"840",209612,0,0,0,0,0,0,0,0,0
"841",209825,0,0,0,0,0,0,0,0,0
"842",209922,0,0,1,0,0,0,0,0,0
"843",210304,1,1,0,0,2,0,0,0,2
"844",210331,1,0,0,0,1,0,0,0,1
"845",210401,1,0,0,0,2,0,0,0,2
"846",210492,1,0,0,1,NA,NA,NA,NA,NA
"847",210571,0,0,1,0,0,2,0,0,2
"848",210669,0,0,0,0,1,0,0,0,1
"849",210739,0,0,0,0,0,0,0,0,0
"850",210775,0,0,1,0,0,0,0,0,0
"851",211024,1,0,0,0,2,0,0,0,2
"852",211088,0,0,0,0,0,0,0,1,1
"853",211273,0,0,0,0,0,0,0,0,0
"854",211291,0,0,0,1,NA,NA,NA,NA,NA
"855",211352,0,0,1,0,0,2,0,0,2
"856",211431,0,0,0,0,0,0,0,0,0
"857",211440,0,0,1,0,0,1,0,0,1
"858",211468,0,0,1,0,0,0,0,0,0
"859",211556,0,0,1,0,0,0,0,0,0
"860",211583,1,0,0,0,1,0,0,0,1
"861",211893,0,0,1,0,1,0,0,0,1
"862",211981,0,0,0,0,0,0,0,0,0
"863",212009,0,0,0,0,0,0,0,0,0
"864",212054,0,0,0,0,0,0,0,0,0
"865",212106,0,0,0,0,0,0,0,0,0
"866",212133,1,0,0,0,2,0,0,0,2
"867",212197,0,0,0,0,2,0,0,0,2
"868",212577,0,0,1,0,0,0,0,0,0
"869",212601,0,0,0,0,0,0,0,0,0
"870",212656,0,0,0,0,0,0,0,0,0
"871",212674,0,0,0,0,0,0,0,0,0
"872",212805,0,0,0,0,0,0,0,0,0
"873",212832,1,0,0,0,0,0,0,0,0
"874",212911,0,0,1,0,0,0,0,0,0
"875",212984,0,0,0,0,0,0,0,0,0
"876",213011,1,0,0,0,2,0,0,0,2
"877",213251,0,0,0,0,0,0,0,0,0
"878",213303,0,0,0,0,0,0,0,0,0
"879",213321,0,0,0,0,0,0,0,0,0
"880",213358,0,0,0,0,0,0,0,0,0
"881",213367,0,0,0,0,0,0,0,0,0
"882",213376,0,1,0,1,NA,NA,NA,NA,NA
"883",213385,0,0,1,0,0,0,0,0,0
"884",213400,0,0,1,0,0,0,0,1,1
"885",213507,0,0,0,0,0,0,0,0,0
"886",213543,0,0,0,0,0,0,0,0,0
"887",213668,1,0,1,0,2,2,0,0,4
"888",213774,1,1,1,0,2,2,0,0,4
"889",213826,0,0,0,0,1,0,0,0,1
"890",213987,1,0,1,0,2,2,0,0,4
"891",213996,0,0,0,0,0,0,0,0,0
"892",214069,0,0,0,0,0,0,0,0,0
"893",214148,0,0,1,0,0,0,0,0,0
"894",214157,0,0,1,0,0,0,0,0,0
"895",214166,1,1,0,0,2,0,0,0,2
"896",214175,0,0,0,0,0,0,0,0,0
"897",214272,1,0,1,0,2,2,0,0,4
"898",214883,1,1,1,0,2,2,0,0,4
"899",214971,0,0,0,0,0,0,0,0,0
"900",215053,0,0,0,0,0,0,0,0,0
"901",215062,0,0,0,0,0,0,0,0,0
"902",215099,1,0,0,0,2,0,0,0,2
"903",215105,0,0,0,0,0,0,0,0,0
"904",215114,0,0,1,0,0,0,0,0,0
"905",215132,1,0,1,0,2,0,0,0,2
"906",215415,0,0,0,1,NA,NA,NA,NA,NA
"907",215442,0,0,0,0,0,0,0,0,0
"908",215655,0,0,0,0,0,0,0,0,0
"909",215691,0,0,1,0,0,2,0,0,2
"910",215743,0,0,0,0,1,0,0,0,1
"911",215770,0,0,1,0,0,0,0,0,0
"912",215798,0,0,0,0,0,0,0,0,0
"913",215929,0,0,0,0,0,0,0,0,0
"914",215947,0,0,0,0,0,0,0,0,0
"915",216047,0,0,0,0,0,0,0,0,0
"916",216278,0,0,0,0,0,0,0,0,0
"917",216287,0,0,1,0,0,1,0,0,1
"918",216311,0,0,1,1,NA,NA,NA,NA,NA
"919",216357,1,1,0,0,2,0,0,0,2
"920",216366,0,0,0,0,NA,NA,NA,NA,NA
"921",216524,0,0,0,0,1,0,0,0,1
"922",216542,1,0,1,0,2,0,0,0,2
"923",216597,0,0,0,0,0,0,0,0,0
"924",216667,0,0,0,0,0,0,0,0,0
"925",216694,0,0,0,0,0,0,0,0,0
"926",216807,0,0,0,0,0,0,0,0,0
"927",216852,0,0,0,0,0,0,0,0,0
"928",216931,0,0,0,0,0,0,0,0,0
"929",217013,0,0,0,0,0,0,0,1,1
"930",217040,0,0,1,1,NA,NA,NA,NA,NA
"931",217059,1,0,0,0,2,0,0,0,2
"932",217156,0,0,1,0,0,0,0,0,0
"933",217165,0,0,0,0,0,0,0,0,0
"934",217235,1,0,0,0,2,0,0,0,2
"935",217305,0,0,0,0,NA,NA,NA,NA,NA
"936",217402,0,0,0,0,0,0,0,0,0
"937",217493,0,0,1,0,0,0,0,0,0
"938",217518,0,0,0,0,0,0,0,0,0
"939",217536,0,0,0,0,0,0,0,0,0
"940",217606,0,0,1,0,0,0,0,0,0
"941",217624,1,1,0,1,NA,NA,NA,NA,NA
"942",217633,0,0,0,0,0,0,0,0,0
"943",217688,0,0,0,0,0,0,0,0,0
"944",217721,1,1,0,0,2,0,0,0,2
"945",217749,0,0,1,1,NA,NA,NA,NA,NA
"946",217776,0,0,0,0,0,0,0,0,0
"947",217873,0,0,0,0,0,0,0,0,0
"948",217891,0,0,0,0,0,0,2,0,2
"949",217907,0,1,0,0,0,0,2,0,2
"950",217925,0,0,0,0,0,0,0,0,0
"951",217934,1,0,0,0,1,0,0,1,2
"952",217961,0,0,0,0,0,0,0,0,0
"953",217998,0,1,0,0,0,0,2,0,2
"954",218070,0,0,0,0,0,0,0,0,0
"955",218238,0,1,0,0,0,0,2,0,2
"956",218399,1,1,0,0,2,0,0,0,2
"957",218414,0,0,0,1,0,0,0,1,1
"958",218441,0,0,0,0,0,0,0,0,0
"959",218539,1,0,0,0,1,0,0,0,1
"960",218919,0,1,0,0,0,0,0,0,0
"961",218973,0,0,0,0,0,0,0,0,0
"962",219000,0,0,0,0,0,0,0,0,0
"963",219091,0,0,0,0,0,0,0,0,0
"964",219198,1,0,0,0,1,0,0,0,1
"965",219295,0,1,0,1,0,0,0,1,1
"966",219374,1,0,1,0,2,2,0,0,4
"967",219383,0,0,0,0,0,0,0,0,0
"968",219505,1,1,1,1,2,0,0,2,4
"969",219639,0,0,1,0,0,2,0,0,2
"970",219709,0,0,0,0,0,0,0,0,0
"971",219718,1,1,1,1,2,2,0,2,6
"972",219790,1,0,0,0,2,0,0,0,2
"973",219806,0,0,0,0,0,0,0,0,0
"974",219833,0,0,0,0,0,0,0,0,0
"975",219949,0,0,0,0,0,0,0,0,0
"976",219976,0,0,0,0,0,0,0,0,0
"977",220181,0,0,0,0,0,0,0,0,0
"978",220206,0,0,0,0,0,0,0,0,0
"979",220215,1,0,1,0,2,1,0,0,3
"980",220312,0,1,1,1,0,2,0,2,4
"981",220473,0,0,0,0,0,0,0,0,0
"982",220516,0,0,0,0,0,0,0,0,0
"983",220598,1,1,0,0,2,0,0,0,2
"984",220604,0,1,1,0,0,2,0,0,2
"985",220613,0,0,0,0,0,0,0,0,0
"986",220631,1,0,1,0,0,0,0,0,0
"987",220701,1,1,0,0,2,0,2,0,4
"988",220710,0,0,1,0,0,0,0,0,0
"989",220808,1,0,1,0,2,0,0,0,2
"990",221351,0,0,0,0,0,0,0,0,0
"991",221519,0,0,0,0,0,0,0,0,0
"992",221661,1,0,0,0,1,0,0,0,1
"993",221731,0,0,1,0,0,0,0,0,0
"994",221892,0,0,0,0,0,0,0,0,0
"995",221953,0,1,0,0,0,0,0,0,0
"996",221971,1,0,1,0,2,0,0,0,2
"997",221999,0,0,0,0,0,0,0,0,0
"998",222178,0,0,0,0,0,0,0,0,0
"999",222877,1,1,1,1,NA,NA,NA,NA,NA
"1000",222983,0,0,0,0,0,0,0,0,0
"1001",223117,0,0,0,0,NA,NA,NA,NA,NA
"1002",223232,0,0,0,0,0,0,0,0,0
"1003",223463,1,0,1,1,NA,NA,NA,NA,NA
"1004",224004,1,1,0,0,0,0,0,0,0
"1005",224226,0,0,0,0,0,0,0,0,0
"1006",224244,0,1,0,0,0,0,2,0,2
"1007",224323,0,0,1,0,0,2,0,0,2
"1008",224527,0,1,0,0,0,0,0,0,0
"1009",225201,1,1,1,1,NA,NA,NA,NA,NA
"1010",225247,0,0,0,0,0,0,0,0,0
"1011",225399,0,0,0,0,0,0,0,0,0
"1012",225548,0,1,0,0,0,0,2,0,2
"1013",225575,0,1,1,0,0,0,0,0,0
"1014",225627,1,0,0,0,2,0,0,0,2
"1015",225885,0,1,1,0,0,2,2,1,5
"1016",226231,0,0,0,0,0,0,0,0,0
"1017",226383,0,0,0,0,0,0,0,0,0
"1018",226471,0,0,0,0,0,0,0,0,0
"1019",226587,1,1,0,0,2,0,0,0,2
"1020",227331,0,1,0,0,0,0,0,1,1
"1021",227429,0,1,1,0,0,2,0,0,2
"1022",227757,0,0,0,0,0,0,0,0,0
"1023",227845,0,0,0,0,0,0,0,0,0
"1024",227863,0,0,0,0,0,0,0,0,0
"1025",228042,0,0,0,0,0,0,0,0,0
"1026",228149,0,0,1,0,0,0,0,0,0
"1027",228246,0,0,0,0,0,0,0,0,0
"1028",228325,0,0,0,0,0,0,0,0,0
"1029",228343,0,0,0,0,0,0,0,0,0
"1030",228468,0,1,1,0,0,0,0,0,0
"1031",228486,0,1,0,1,NA,NA,NA,NA,NA
"1032",228875,0,0,0,0,0,0,0,0,0
"1033",228884,1,1,0,0,0,0,0,0,0
"1034",228981,0,0,0,0,0,0,0,0,0
"1035",229160,0,1,0,0,0,0,2,0,2
"1036",229267,0,0,0,0,0,0,0,0,0
"1037",229780,0,1,0,0,2,0,2,0,4
"1038",229887,1,1,1,0,2,0,2,0,4
"1039",230038,1,0,0,0,0,0,0,0,0
"1040",230047,0,1,1,0,0,0,0,0,0
"1041",230621,1,1,1,1,NA,NA,NA,NA,NA
"1042",230630,1,1,0,1,NA,NA,NA,NA,NA
"1043",230807,0,0,0,0,2,0,0,0,2
"1044",230816,0,0,0,0,0,0,0,0,0
"1045",230852,0,0,0,0,0,0,0,0,0
"1046",230889,1,1,0,0,2,0,2,0,4
"1047",230898,0,0,1,1,NA,NA,NA,NA,NA
"1048",230940,1,0,1,1,2,2,0,1,5
"1049",230959,0,0,1,0,0,2,0,0,2
"1050",230995,0,0,0,0,0,0,0,0,0
"1051",231059,0,0,0,0,2,0,0,0,2
"1052",231077,1,1,1,1,NA,NA,NA,NA,NA
"1053",231086,1,1,1,0,2,0,0,0,2
"1054",231095,0,1,0,0,0,0,2,0,2
"1055",231420,0,1,0,0,0,0,0,0,0
"1056",231554,0,1,0,0,0,0,0,0,0
"1057",231581,0,0,0,0,0,0,0,0,0
"1058",231651,0,0,1,1,0,2,0,2,4
"1059",231837,0,1,0,0,1,0,0,0,1
"1060",232025,0,0,0,0,0,0,0,1,1
"1061",232043,0,0,0,0,1,0,0,0,1
"1062",232089,1,1,1,0,2,0,2,0,4
"1063",232256,0,0,0,0,0,0,0,0,0
"1064",232265,0,0,0,0,0,0,0,0,0
"1065",232308,0,0,1,0,0,2,0,0,2
"1066",232557,0,0,0,0,1,0,0,0,1
"1067",232609,0,0,1,0,0,0,0,0,0
"1068",232618,0,0,0,0,NA,NA,NA,NA,NA
"1069",232672,1,0,1,0,0,2,0,0,2
"1070",232706,0,0,0,0,0,0,0,0,0
"1071",233295,0,0,0,0,0,0,0,0,0
"1072",233301,0,0,0,0,0,0,0,0,0
"1073",233356,0,0,1,1,NA,NA,NA,NA,NA
"1074",233374,0,0,0,0,0,0,0,0,0
"1075",233426,0,0,0,0,0,0,0,0,0
"1076",233541,0,0,0,0,0,0,0,0,0
"1077",233611,1,0,0,0,0,0,0,0,0
"1078",233718,1,1,0,0,2,0,2,0,4
"1079",234137,1,1,1,1,2,0,0,0,2
"1080",234164,0,1,0,0,2,0,0,0,2
"1081",234173,0,1,0,0,1,0,0,0,1
"1082",234207,0,0,1,0,0,0,0,0,0
"1083",234915,0,1,1,1,NA,NA,NA,NA,NA
"1084",235024,1,0,0,0,2,0,0,0,2
"1085",235316,0,0,0,0,0,0,0,0,0
"1086",235422,1,1,1,0,0,2,0,0,2
"1087",236133,0,0,1,1,0,0,0,1,1
"1088",236230,0,0,0,0,0,0,0,0,0
"1089",236328,0,0,0,0,0,0,0,0,0
"1090",236452,1,0,1,0,0,0,0,0,0
"1091",236577,0,0,0,0,1,0,0,0,1
"1092",236595,0,0,0,0,0,0,0,0,0
"1093",236896,0,0,1,0,0,0,0,0,0
"1094",237057,0,0,0,0,0,0,0,0,0
"1095",237066,0,0,0,0,0,0,0,0,0
"1096",237118,0,1,0,1,0,0,2,2,4
"1097",237136,0,0,1,0,2,0,0,0,2
"1098",237181,1,1,0,0,2,0,0,0,2
"1099",237312,0,1,1,0,0,0,0,0,0
"1100",237358,0,1,0,0,0,0,0,0,0
"1101",237640,1,1,0,0,2,0,0,0,2
"1102",237905,0,0,0,1,NA,NA,NA,NA,NA
"1103",237969,0,0,0,0,1,0,0,0,1
"1104",238078,0,0,0,0,0,1,0,1,2
"1105",238193,0,0,0,0,0,0,0,0,0
"1106",238324,0,0,1,1,0,2,0,1,3
"1107",238333,0,0,0,0,0,0,0,0,0
"1108",238430,0,0,1,1,0,2,0,1,3
"1109",238458,0,0,0,0,1,0,0,0,1
"1110",238476,0,0,0,0,0,0,0,0,0
"1111",238616,0,0,0,0,0,0,0,0,0
"1112",238661,0,0,0,0,1,0,0,0,1
"1113",238980,0,0,1,0,0,0,0,0,0
"1114",239017,0,0,0,0,0,0,0,0,0
"1115",239071,1,0,0,0,2,0,0,0,2
"1116",239080,1,0,0,0,0,0,0,0,0
"1117",239105,0,0,0,0,0,0,0,0,0
"1118",239309,0,0,1,0,0,0,0,0,0
"1119",239318,0,0,1,0,0,1,0,0,1
"1120",239390,0,0,0,0,0,0,0,0,0
"1121",239512,0,0,1,0,0,0,0,0,0
"1122",239628,0,0,0,0,0,0,0,0,0
"1123",239716,0,0,0,0,0,0,0,0,0
"1124",239743,0,1,0,0,0,0,0,0,0
"1125",240107,0,0,0,0,1,0,0,0,1
"1126",240338,0,0,0,0,0,0,0,0,0
"1127",240392,1,1,0,1,NA,NA,NA,NA,NA
"1128",241100,1,1,0,1,NA,NA,NA,NA,NA
"1129",241128,1,1,0,1,NA,NA,NA,NA,NA
"1130",241191,1,0,1,0,2,0,0,0,2
"1131",241216,0,0,1,1,NA,NA,NA,NA,NA
"1132",241225,1,1,0,1,2,0,2,2,6
"1133",241331,1,0,0,0,2,0,2,0,4
"1134",241377,1,0,0,1,2,0,0,2,4
"1135",241386,1,1,1,1,2,1,0,2,5
"1136",241395,1,0,0,1,NA,NA,NA,NA,NA
"1137",241410,1,0,0,0,2,0,0,0,2
"1138",241614,0,1,0,1,NA,NA,NA,NA,NA
"1139",241739,0,0,0,0,2,0,0,0,2
"1140",241836,1,1,1,1,NA,NA,NA,NA,NA
"1141",242121,1,1,1,0,2,2,0,0,4
"1142",242617,0,0,1,1,NA,NA,NA,NA,NA
"1143",242626,0,0,1,1,NA,NA,NA,NA,NA
"1144",242635,1,0,1,1,NA,NA,NA,NA,NA
"1145",242644,0,0,1,1,NA,NA,NA,NA,NA
"1146",242653,1,0,1,1,NA,NA,NA,NA,NA
"1147",242662,0,0,1,1,NA,NA,NA,NA,NA
"1148",242680,0,0,1,1,NA,NA,NA,NA,NA
"1149",242699,0,0,1,1,NA,NA,NA,NA,NA
"1150",242705,0,0,1,1,NA,NA,NA,NA,NA
"1151",243346,1,0,0,0,2,0,0,0,2
"1152",243443,1,0,0,0,2,0,0,0,2
"1153",243568,0,0,0,0,0,0,0,0,0
"1154",243577,1,0,0,0,0,0,0,0,0
"1155",243586,0,0,0,1,NA,NA,NA,NA,NA
"1156",243601,0,0,0,0,2,0,0,0,2
"1157",243744,0,0,1,0,0,2,0,0,2
"1158",243823,0,0,1,1,0,2,0,2,4
"1159",243832,1,1,0,1,NA,NA,NA,NA,NA
"1160",245652,1,0,0,1,NA,NA,NA,NA,NA
"1161",245777,0,0,0,1,NA,NA,NA,NA,NA
"1162",245883,0,1,1,1,NA,NA,NA,NA,NA
"1163",245953,1,1,0,1,2,0,0,1,3
"1164",246789,0,0,0,0,NA,NA,NA,NA,NA
"1165",247649,0,1,1,0,2,0,0,0,2
"1166",247773,0,0,1,1,NA,NA,NA,NA,NA
"1167",260293,1,1,1,1,NA,NA,NA,NA,NA
"1168",260947,1,1,1,1,NA,NA,NA,NA,NA
"1169",262086,1,0,1,1,2,2,2,1,7
"1170",363712,1,1,1,1,NA,NA,NA,NA,NA
"1171",363907,1,0,0,1,2,0,0,2,4
"1172",363916,1,0,0,1,2,0,0,2,4
"1173",366003,0,0,1,1,NA,NA,NA,NA,NA
"1174",366535,1,1,0,1,NA,NA,NA,NA,NA
"1175",367884,1,1,0,0,2,0,2,1,5
"1176",372958,1,1,0,1,NA,NA,NA,NA,NA
"1177",375230,0,0,1,1,NA,NA,NA,NA,NA
"1178",376385,1,1,0,1,NA,NA,NA,NA,NA
"1179",377111,1,1,1,1,NA,NA,NA,NA,NA
"1180",384254,0,0,0,1,NA,NA,NA,NA,NA
"1181",384421,0,0,1,1,NA,NA,NA,NA,NA
"1182",385619,1,1,0,1,NA,NA,NA,NA,NA
"1183",386472,1,1,0,1,NA,NA,NA,NA,NA
"1184",388520,0,1,1,0,0,2,2,1,5
"1185",390701,1,1,1,1,NA,NA,NA,NA,NA
"1186",392840,1,1,0,0,2,0,0,0,2
"1187",399911,0,0,1,0,0,2,0,0,2
"1188",401223,1,0,1,1,NA,NA,NA,NA,NA
"1189",405058,0,0,1,1,NA,NA,NA,NA,NA
"1190",405854,0,1,1,1,NA,NA,NA,NA,NA
"1191",412599,1,1,0,1,NA,NA,NA,NA,NA
"1192",413617,1,1,1,0,2,2,2,0,6
"1193",414823,1,0,0,1,NA,NA,NA,NA,NA
"1194",414878,1,1,0,1,NA,NA,NA,NA,NA
"1195",417734,1,0,0,1,NA,NA,NA,NA,NA
"1196",417752,0,1,1,0,0,0,0,0,0
"1197",420325,1,1,0,1,NA,NA,NA,NA,NA
"1198",426314,0,1,0,1,NA,NA,NA,NA,NA
"1199",430670,1,1,1,1,NA,NA,NA,NA,NA
"1200",430810,1,0,0,1,2,0,0,1,3
"1201",431983,1,0,0,1,NA,NA,NA,NA,NA
"1202",433387,0,0,1,1,NA,NA,NA,NA,NA
"1203",433536,1,1,0,1,NA,NA,NA,NA,NA
"1204",434900,1,1,1,1,NA,NA,NA,NA,NA
"1205",434937,1,1,0,1,NA,NA,NA,NA,NA
"1206",436614,1,1,1,1,NA,NA,NA,NA,NA
"1207",437732,1,1,0,1,NA,NA,NA,NA,NA
"1208",438151,1,1,0,1,NA,NA,NA,NA,NA
"1209",439288,1,0,1,1,NA,NA,NA,NA,NA
"1210",439613,1,1,1,1,NA,NA,NA,NA,NA
"1211",439701,0,1,1,0,2,0,0,1,3
"1212",439862,1,1,1,1,NA,NA,NA,NA,NA
"1213",440396,0,0,1,1,NA,NA,NA,NA,NA
"1214",440651,1,1,1,1,NA,NA,NA,NA,NA
"1215",440794,0,1,0,1,NA,NA,NA,NA,NA
"1216",441511,1,0,0,1,NA,NA,NA,NA,NA
"1217",441609,1,0,0,1,NA,NA,NA,NA,NA
"1218",441690,1,1,0,1,NA,NA,NA,NA,NA
"1219",441982,0,0,0,0,0,0,0,0,0
"1220",442356,0,1,0,0,0,0,0,0,0
"1221",443049,1,0,0,1,NA,NA,NA,NA,NA
"1222",443058,1,1,1,1,NA,NA,NA,NA,NA
"1223",443340,1,1,1,1,NA,NA,NA,NA,NA
"1224",443562,1,1,0,1,NA,NA,NA,NA,NA
"1225",444398,1,1,0,0,2,0,0,0,2
"1226",444413,1,0,1,1,NA,NA,NA,NA,NA
"1227",444778,1,1,1,1,NA,NA,NA,NA,NA
"1228",445203,1,1,0,1,NA,NA,NA,NA,NA
"1229",445267,1,1,0,1,NA,NA,NA,NA,NA
"1230",445434,1,1,1,1,NA,NA,NA,NA,NA
"1231",445708,0,0,0,1,NA,NA,NA,NA,NA
"1232",446048,0,0,0,0,0,0,0,0,0
"1233",446233,0,1,0,1,NA,NA,NA,NA,NA
"1234",446394,0,0,0,1,NA,NA,NA,NA,NA
"1235",446604,0,0,1,1,NA,NA,NA,NA,NA
"1236",446613,0,1,0,1,NA,NA,NA,NA,NA
"1237",446640,0,1,1,1,NA,NA,NA,NA,NA
"1238",446677,1,1,0,1,NA,NA,NA,NA,NA
"1239",447953,0,1,0,1,NA,NA,NA,NA,NA
"1240",448284,1,0,1,1,NA,NA,NA,NA,NA
"1241",448309,1,1,1,1,NA,NA,NA,NA,NA
"1242",448752,1,1,0,1,NA,NA,NA,NA,NA
"1243",448761,1,1,0,1,NA,NA,NA,NA,NA
"1244",449135,1,1,1,1,NA,NA,NA,NA,NA
"1245",449348,0,0,1,1,NA,NA,NA,NA,NA
"1246",449658,0,0,0,1,NA,NA,NA,NA,NA
"1247",449764,1,1,0,1,NA,NA,NA,NA,NA
"1248",449870,0,1,1,0,0,0,2,0,2
"1249",449931,1,0,1,1,NA,NA,NA,NA,NA
"1250",451370,1,1,1,1,NA,NA,NA,NA,NA
"1251",451398,0,0,1,1,NA,NA,NA,NA,NA
"1252",451404,0,1,1,1,NA,NA,NA,NA,NA
"1253",451866,1,0,0,1,NA,NA,NA,NA,NA
"1254",454184,0,1,0,0,1,0,0,1,2
"1255",455257,0,0,1,1,NA,NA,NA,NA,NA
"1256",455770,0,1,0,0,0,0,0,1,1
"1257",456481,1,1,1,1,NA,NA,NA,NA,NA
"1258",456490,1,1,1,1,NA,NA,NA,NA,NA
"1259",457022,1,1,0,1,NA,NA,NA,NA,NA
"1260",457086,1,0,0,1,NA,NA,NA,NA,NA
"1261",457226,1,0,1,1,NA,NA,NA,NA,NA
"1262",457402,0,0,0,0,NA,NA,NA,NA,NA
"1263",457484,1,0,0,1,NA,NA,NA,NA,NA
"1264",457697,0,0,0,0,NA,NA,NA,NA,NA
"1265",458113,1,1,0,0,2,0,0,0,2
"1266",459417,0,0,1,1,NA,NA,NA,NA,NA
"1267",459727,0,0,1,1,NA,NA,NA,NA,NA
"1268",459842,1,1,0,1,NA,NA,NA,NA,NA
"1269",459851,1,1,0,1,NA,NA,NA,NA,NA
"1270",460075,1,1,1,1,NA,NA,NA,NA,NA
"1271",460349,1,1,0,1,NA,NA,NA,NA,NA
"1272",460783,0,1,1,1,NA,NA,NA,NA,NA
"1273",460899,1,1,0,1,NA,NA,NA,NA,NA
"1274",461032,1,1,0,1,0,0,2,2,4
"1275",461236,0,1,1,1,NA,NA,NA,NA,NA
"1276",461528,0,1,1,1,NA,NA,NA,NA,NA
"1277",461759,0,1,1,1,NA,NA,NA,NA,NA
"1278",461795,1,1,0,1,NA,NA,NA,NA,NA
"1279",462354,0,0,0,1,NA,NA,NA,NA,NA
"1280",465812,0,1,0,1,NA,NA,NA,NA,NA
"1281",469416,1,1,1,1,NA,NA,NA,NA,NA
"1282",474863,0,1,1,1,NA,NA,NA,NA,NA
"1283",474890,1,1,0,1,NA,NA,NA,NA,NA
"1284",474906,0,1,0,1,NA,NA,NA,NA,NA
"1285",475237,0,0,0,0,NA,NA,NA,NA,NA
